id,platform,coords,meta,created_at,updated_at,lat_long,centroid_coords,address,locality,city,centroid
33992,blinkit,"[{""lat"" : 12.91, ""lon"" : 77.6}, {""lat"" : 12.91, ""lon"" : 77.61}, {""lat"" : 12.9, ""lon"" : 77.61}]","{""id"" : ""56d8532b-eb3e-4483-a43b-95b2d71f33ce"", ""store_id"" : ""33992"", ""chain_id"" : ""1383"", ""queried_latitude"" : 12.91, ""queried_longitude"" : 77.6, ""lat"" : 12.91, ""lng"" : 77.6, ""distance"" : 0, ""duration"" : 0, ""rank"" : 1, ""is_nearby_store"" : false, ""city_id"" : 3, ""city_code"" : ""BR"", ""city_name"" : ""Bengaluru"", ""state_id"" : 16, ""state_name"" : ""Karnataka"", ""serviceable"" : true}",2025-03-13 02:29:24.5923+00,2025-03-13 02:29:24.5923+00,,"12.91,77.61","{""types"":[""establishment"",""point_of_interest"",""transit_station""],""geometry"":{""location"":{""lat"":12.910023,""lng"":77.609943},""viewport"":{""northeast"":{""lat"":12.9113719802915,""lng"":77.6112919802915},""southwest"":{""lat"":12.9086740197085,""lng"":77.60859401970849}},""location_type"":""GEOMETRIC_CENTER""},""place_id"":""ChIJ42kn5uIUrjsRCTE9rWSuuCA"",""plus_code"":{""global_code"":""7J4VWJ65+2X"",""compound_code"":""WJ65+2X Bengaluru, Karnataka, India""},""formatted_address"":""Chamundeshwari, Mahadeshwara Nagar, BTM 2nd Stage, BTM Layout, Bengaluru, Karnataka 560076, India"",""navigation_points"":[{""location"":{""latitude"":12.9100315,""longitude"":77.6099627},""road_name"":""""}],""address_components"":[{""types"":[""establishment"",""point_of_interest"",""transit_station""],""long_name"":""Chamundeshwari"",""short_name"":""Chamundeshwari""},{""types"":[""political"",""sublocality"",""sublocality_level_3""],""long_name"":""Mahadeshwara Nagar"",""short_name"":""Mahadeshwara Nagar""},{""types"":[""political"",""sublocality"",""sublocality_level_2""],""long_name"":""BTM 2nd Stage"",""short_name"":""BTM 2nd Stage""},{""types"":[""political"",""sublocality"",""sublocality_level_1""],""long_name"":""BTM Layout"",""short_name"":""BTM Layout""},{""types"":[""locality"",""political""],""long_name"":""Bengaluru"",""short_name"":""Bengaluru""},{""types"":[""administrative_area_level_3"",""political""],""long_name"":""Bengaluru Urban"",""short_name"":""Bengaluru Urban""},{""types"":[""administrative_area_level_2"",""political""],""long_name"":""Bangalore Division"",""short_name"":""Bangalore Division""},{""types"":[""administrative_area_level_1"",""political""],""long_name"":""Karnataka"",""short_name"":""KA""},{""types"":[""country"",""political""],""long_name"":""India"",""short_name"":""IN""},{""types"":[""postal_code""],""long_name"":""560076"",""short_name"":""560076""}]}",BTM Layout,Bangalore,"12.91,77.61"
340,blinkit,[],{},2025-03-18 21:55:17.442225+00,2025-03-18 21:55:17.442225+00,,"""12.8331839,77.6844586""","{""full"":""Ground Floor, Sy no 109/1,Kammasandra Village, Attibele Hobli, Anekal Taluka, Bengaluru-560100""}",Anekal Taluka,Bangalore,"12.83,77.68"
34134,blinkit,"[{""lat"" : 13.12, ""lon"" : 77.62}, {""lat"" : 13.12, ""lon"" : 77.65}, {""lat"" : 13.12, ""lon"" : 77.61}, {""lat"" : 13.11, ""lon"" : 77.61}, {""lat"" : 13.13, ""lon"" : 77.64}, {""lat"" : 13.12, ""lon"" : 77.63}, {""lat"" : 13.13, ""lon"" : 77.63}, {""lat"" : 13.12, ""lon"" : 77.64}]","{""id"" : ""c2361199-2045-470e-8236-0d573f5b09be"", ""store_id"" : ""34134"", ""chain_id"" : ""1383"", ""queried_latitude"" : 13.11, ""queried_longitude"" : 77.61, ""lat"" : 13.11, ""lng"" : 77.61, ""distance"" : 0, ""duration"" : 0, ""rank"" : 1, ""is_nearby_store"" : false, ""city_id"" : 3, ""city_code"" : ""BR"", ""city_name"" : ""Bengaluru"", ""state_id"" : 16, ""state_name"" : ""Karnataka"", ""serviceable"" : true}",2025-03-13 02:30:24.884951+00,2025-03-13 02:30:24.884951+00,,"13.12,77.63","{""types"":[""premise"",""street_address""],""geometry"":{""bounds"":{""northeast"":{""lat"":13.1196608,""lng"":77.63019059999999},""southwest"":{""lat"":13.1195819,""lng"":77.6300754}},""location"":{""lat"":13.119618,""lng"":77.6301424},""viewport"":{""northeast"":{""lat"":13.1209703302915,""lng"":77.6314819802915},""southwest"":{""lat"":13.1182723697085,""lng"":77.62878401970849}},""location_type"":""ROOFTOP""},""place_id"":""ChIJ_d77MBMZrjsRqQev25tWhEQ"",""formatted_address"":""4J9J+V25, Durgamba Layout, Kattigenahalli, Sathanur, Bengaluru, Karnataka 560064, India"",""navigation_points"":[{""location"":{""latitude"":13.119619,""longitude"":77.6301345},""road_name"":""""}],""address_components"":[{""types"":[""plus_code""],""long_name"":""4J9J+V25"",""short_name"":""4J9J+V25""},{""types"":[""neighborhood"",""political""],""long_name"":""Durgamba Layout"",""short_name"":""Durgamba Layout""},{""types"":[""political"",""sublocality"",""sublocality_level_1""],""long_name"":""Kattigenahalli"",""short_name"":""Kattigenahalli""},{""types"":[""locality"",""political""],""long_name"":""Sathanur"",""short_name"":""Sathanur""},{""types"":[""administrative_area_level_3"",""political""],""long_name"":""Bengaluru Urban"",""short_name"":""Bengaluru Urban""},{""types"":[""administrative_area_level_2"",""political""],""long_name"":""Bangalore Division"",""short_name"":""Bangalore Division""},{""types"":[""administrative_area_level_1"",""political""],""long_name"":""Karnataka"",""short_name"":""KA""},{""types"":[""country"",""political""],""long_name"":""India"",""short_name"":""IN""},{""types"":[""postal_code""],""long_name"":""560064"",""short_name"":""560064""}]}",Sathanur,Bangalore,"13.12,77.63"
34262,blinkit,"[{""lat"" : 12.9, ""lon"" : 77.64}]","{""id"" : ""a012fab1-157d-49c5-8106-7a50be4701dd"", ""store_id"" : ""34262"", ""chain_id"" : ""1383"", ""queried_latitude"" : 12.9, ""queried_longitude"" : 77.64, ""lat"" : 12.9, ""lng"" : 77.64, ""distance"" : 0, ""duration"" : 0, ""rank"" : 1, ""is_nearby_store"" : false, ""city_id"" : 3, ""city_code"" : ""BR"", ""city_name"" : ""Bengaluru"", ""state_id"" : 16, ""state_name"" : ""Karnataka"", ""serviceable"" : true}",2025-03-13 02:32:20.563156+00,2025-03-13 02:32:20.563156+00,,"12.9,77.64","{""types"":[""premise"",""street_address""],""geometry"":{""location"":{""lat"":12.8999995,""lng"":77.6400807},""viewport"":{""northeast"":{""lat"":12.9013484802915,""lng"":77.64142968029151},""southwest"":{""lat"":12.8986505197085,""lng"":77.6387317197085}},""location_type"":""ROOFTOP""},""place_id"":""ChIJgdChEr0UrjsRXGqlsieUWWU"",""formatted_address"":""698, 3rd Main Rd, ITI Layout, Sector 7, Garvebhavi Palya, Bengaluru, Karnataka 560068, India"",""navigation_points"":[{""location"":{""latitude"":12.9000057,""longitude"":77.640014},""road_name"":""""}],""address_components"":[{""types"":[""street_number""],""long_name"":""698"",""short_name"":""698""},{""types"":[""route""],""long_name"":""3rd Main Road"",""short_name"":""3rd Main Rd""},{""types"":[""political"",""sublocality"",""sublocality_level_3""],""long_name"":""ITI Layout"",""short_name"":""ITI Layout""},{""types"":[""political"",""sublocality"",""sublocality_level_2""],""long_name"":""Sector 7"",""short_name"":""Sector 7""},{""types"":[""political"",""sublocality"",""sublocality_level_1""],""long_name"":""Garvebhavi Palya"",""short_name"":""Garvebhavi Palya""},{""types"":[""locality"",""political""],""long_name"":""Bengaluru"",""short_name"":""Bengaluru""},{""types"":[""administrative_area_level_3"",""political""],""long_name"":""Bengaluru Urban"",""short_name"":""Bengaluru Urban""},{""types"":[""administrative_area_level_2"",""political""],""long_name"":""Bangalore Division"",""short_name"":""Bangalore Division""},{""types"":[""administrative_area_level_1"",""political""],""long_name"":""Karnataka"",""short_name"":""KA""},{""types"":[""country"",""political""],""long_name"":""India"",""short_name"":""IN""},{""types"":[""postal_code""],""long_name"":""560068"",""short_name"":""560068""}]}",Garvebhavi Palya,Bangalore,"12.90,77.64"
34288,blinkit,"[{""lat"" : 12.87, ""lon"" : 77.76}, {""lat"" : 12.86, ""lon"" : 77.8}, {""lat"" : 12.85, ""lon"" : 77.77}, {""lat"" : 12.88, ""lon"" : 77.79}, {""lat"" : 12.88, ""lon"" : 77.75}, {""lat"" : 12.87, ""lon"" : 77.79}, {""lat"" : 12.86, ""lon"" : 77.77}, {""lat"" : 12.88, ""lon"" : 77.76}, {""lat"" : 12.88, ""lon"" : 77.78}, {""lat"" : 12.87, ""lon"" : 77.77}, {""lat"" : 12.86, ""lon"" : 77.78}, {""lat"" : 12.88, ""lon"" : 77.77}, {""lat"" : 12.89, ""lon"" : 77.77}, {""lat"" : 12.87, ""lon"" : 77.78}, {""lat"" : 12.86, ""lon"" : 77.79}, {""lat"" : 12.86, ""lon"" : 77.81}, {""lat"" : 12.85, ""lon"" : 77.78}]","{""id"" : ""1820e725-3a60-44e8-9015-d057ec9cd4f4"", ""store_id"" : ""34288"", ""chain_id"" : ""1383"", ""queried_latitude"" : 12.88, ""queried_longitude"" : 77.75, ""lat"" : 12.88, ""lng"" : 77.75, ""distance"" : 0, ""duration"" : 0, ""rank"" : 1, ""is_nearby_store"" : false, ""city_id"" : 3, ""city_code"" : ""BR"", ""city_name"" : ""Bengaluru"", ""state_id"" : 16, ""state_name"" : ""Karnataka"", ""serviceable"" : true}",2025-03-13 07:37:45.148272+00,2025-03-13 07:37:45.148272+00,,"12.87,77.78","{""types"":[""plus_code""],""geometry"":{""bounds"":{""northeast"":{""lat"":12.870125,""lng"":77.78},""southwest"":{""lat"":12.87,""lng"":77.77987499999999}},""location"":{""lat"":12.87,""lng"":77.78},""viewport"":{""northeast"":{""lat"":12.8714114802915,""lng"":77.7812864802915},""southwest"":{""lat"":12.8687135197085,""lng"":77.77858851970849}},""location_type"":""GEOMETRIC_CENTER""},""place_id"":""GhIJPQrXo3C9KUARUrgehetxU0A"",""plus_code"":{""global_code"":""7J4VVQCH+2X"",""compound_code"":""VQCH+2X Bengaluru, Karnataka, India""},""formatted_address"":""VQCH+2X Bengaluru, Karnataka, India"",""address_components"":[{""types"":[""plus_code""],""long_name"":""VQCH+2X"",""short_name"":""VQCH+2X""},{""types"":[""locality"",""political""],""long_name"":""Bengaluru"",""short_name"":""Bengaluru""},{""types"":[""administrative_area_level_3"",""political""],""long_name"":""Bengaluru Urban"",""short_name"":""Bengaluru Urban""},{""types"":[""administrative_area_level_2"",""political""],""long_name"":""Bangalore Division"",""short_name"":""Bangalore Division""},{""types"":[""administrative_area_level_1"",""political""],""long_name"":""Karnataka"",""short_name"":""KA""},{""types"":[""country"",""political""],""long_name"":""India"",""short_name"":""IN""}]}",Bengaluru Urban,Bangalore,"12.87,77.78"
34348,blinkit,"[{""lat"" : 12.85, ""lon"" : 77.59}, {""lat"" : 12.86, ""lon"" : 77.6}, {""lat"" : 12.85, ""lon"" : 77.6}, {""lat"" : 12.84, ""lon"" : 77.59}, {""lat"" : 12.87, ""lon"" : 77.59}, {""lat"" : 12.88, ""lon"" : 77.6}, {""lat"" : 12.86, ""lon"" : 77.59}, {""lat"" : 12.87, ""lon"" : 77.6}]","{""id"" : ""0c3a5d58-e8fb-4c02-8ae6-c2c7cafef244"", ""store_id"" : ""34348"", ""chain_id"" : ""1383"", ""queried_latitude"" : 12.84, ""queried_longitude"" : 77.59, ""lat"" : 12.84, ""lng"" : 77.59, ""distance"" : 0, ""duration"" : 0, ""rank"" : 1, ""is_nearby_store"" : false, ""city_id"" : 3, ""city_code"" : ""BR"", ""city_name"" : ""Bengaluru"", ""state_id"" : 16, ""state_name"" : ""Karnataka"", ""serviceable"" : true}",2025-03-13 02:28:34.370048+00,2025-03-13 02:28:34.370048+00,,"12.86,77.59","{""types"":[""street_address""],""geometry"":{""location"":{""lat"":12.8603258,""lng"":77.5898196},""viewport"":{""northeast"":{""lat"":12.8616747802915,""lng"":77.59116858029151},""southwest"":{""lat"":12.8589768197085,""lng"":77.5884706197085}},""location_type"":""RANGE_INTERPOLATED""},""place_id"":""ElQyNSwgQmFubmVyZ2hhdHRhIFJkLCBIaW1hZ2lyaSBNZWFkb3dzLCBHb3R0aWdlcmUsIEJlbmdhbHVydSwgS2FybmF0YWthIDU2MDA3NiwgSW5kaWEiGhIYChQKEgkfh0uwxmquOxEWcL2u2YZlERAZ"",""formatted_address"":""25, Bannerghatta Rd, Himagiri Meadows, Gottigere, Bengaluru, Kothnur, Karnataka 560076, India"",""address_components"":[{""types"":[""street_number""],""long_name"":""25"",""short_name"":""25""},{""types"":[""route""],""long_name"":""Bannerghatta Road"",""short_name"":""BG Road""},{""types"":[""political"",""sublocality"",""sublocality_level_2""],""long_name"":""Himagiri Meadows"",""short_name"":""Himagiri Meadows""},{""types"":[""political"",""sublocality"",""sublocality_level_1""],""long_name"":""Gottigere"",""short_name"":""Gottigere""},{""types"":[""locality"",""political""],""long_name"":""Bengaluru"",""short_name"":""Bengaluru""},{""types"":[""administrative_area_level_3"",""political""],""long_name"":""Bengaluru Urban"",""short_name"":""Bengaluru Urban""},{""types"":[""administrative_area_level_2"",""political""],""long_name"":""Bangalore Division"",""short_name"":""Bangalore Division""},{""types"":[""administrative_area_level_1"",""political""],""long_name"":""Karnataka"",""short_name"":""KA""},{""types"":[""country"",""political""],""long_name"":""India"",""short_name"":""IN""},{""types"":[""postal_code""],""long_name"":""560076"",""short_name"":""560076""}]}",Gottigere,Bangalore,"12.86,77.59"
34350,blinkit,"[{""lat"" : 12.93, ""lon"" : 77.61}]","{""id"" : ""6085e9a1-b089-4f7c-bd21-29967e216791"", ""store_id"" : ""34350"", ""chain_id"" : ""1383"", ""queried_latitude"" : 12.93, ""queried_longitude"" : 77.61, ""lat"" : 12.93, ""lng"" : 77.61, ""distance"" : 0, ""duration"" : 0, ""rank"" : 1, ""is_nearby_store"" : false, ""city_id"" : 3, ""city_code"" : ""BR"", ""city_name"" : ""Bengaluru"", ""state_id"" : 16, ""state_name"" : ""Karnataka"", ""serviceable"" : true}",2025-03-13 02:30:09.953075+00,2025-03-13 02:30:09.953075+00,,"12.93,77.61","{""types"":[""street_address""],""geometry"":{""location"":{""lat"":12.93014,""lng"":77.60985099999999},""viewport"":{""northeast"":{""lat"":12.9314889802915,""lng"":77.6111999802915},""southwest"":{""lat"":12.9287910197085,""lng"":77.60850201970848}},""location_type"":""ROOFTOP""},""place_id"":""ChIJqeAfElMUrjsRAcY6RC8IhLs"",""plus_code"":{""global_code"":""7J4VWJJ5+3W"",""compound_code"":""WJJ5+3W Bengaluru, Karnataka, India""},""formatted_address"":""29, Tavarekere, BTM Layout, Bengaluru, Karnataka 560029, India"",""navigation_points"":[{""location"":{""latitude"":12.9301285,""longitude"":77.6098606},""road_name"":""""}],""address_components"":[{""types"":[""premise""],""long_name"":""29"",""short_name"":""29""},{""types"":[""neighborhood"",""political""],""long_name"":""Tavarekere"",""short_name"":""Tavarekere""},{""types"":[""political"",""sublocality"",""sublocality_level_1""],""long_name"":""BTM Layout"",""short_name"":""BTM Layout""},{""types"":[""locality"",""political""],""long_name"":""Bengaluru"",""short_name"":""Bengaluru""},{""types"":[""administrative_area_level_3"",""political""],""long_name"":""Bengaluru Urban"",""short_name"":""Bengaluru Urban""},{""types"":[""administrative_area_level_2"",""political""],""long_name"":""Bangalore Division"",""short_name"":""Bangalore Division""},{""types"":[""administrative_area_level_1"",""political""],""long_name"":""Karnataka"",""short_name"":""KA""},{""types"":[""country"",""political""],""long_name"":""India"",""short_name"":""IN""},{""types"":[""postal_code""],""long_name"":""560029"",""short_name"":""560029""}]}",BTM Layout,Bangalore,"12.93,77.61"
345,blinkit,[],{},2025-03-18 21:55:17.442225+00,2025-03-18 21:55:17.442225+00,,"""12.908125,77.5480176""","{""full"":""First Floor , PLot no.07,Subramanyapura main road ,Chikkalasandra,Padmanabhanagar,Bangalore-560061""}",Padmanabhanagar,Bangalore,"12.91,77.55"
34540,blinkit,"[{""lat"" : 13.07, ""lon"" : 77.53}, {""lat"" : 13.06, ""lon"" : 77.57}, {""lat"" : 13.07, ""lon"" : 77.54}, {""lat"" : 13.06, ""lon"" : 77.56}, {""lat"" : 13.07, ""lon"" : 77.57}, {""lat"" : 13.07, ""lon"" : 77.59}, {""lat"" : 13.06, ""lon"" : 77.59}, {""lat"" : 13.06, ""lon"" : 77.58}, {""lat"" : 13.07, ""lon"" : 77.56}, {""lat"" : 13.08, ""lon"" : 77.55}, {""lat"" : 13.09, ""lon"" : 77.55}, {""lat"" : 13.07, ""lon"" : 77.55}, {""lat"" : 13.07, ""lon"" : 77.58}, {""lat"" : 13.08, ""lon"" : 77.54}, {""lat"" : 13.09, ""lon"" : 77.54}, {""lat"" : 13.06, ""lon"" : 77.55}, {""lat"" : 13.08, ""lon"" : 77.53}, {""lat"" : 13.09, ""lon"" : 77.53}, {""lat"" : 13.08, ""lon"" : 77.56}]","{""id"" : ""8648589d-7025-40b3-8630-665a68c0458f"", ""store_id"" : ""34540"", ""chain_id"" : ""1383"", ""queried_latitude"" : 13.07, ""queried_longitude"" : 77.53, ""lat"" : 13.07, ""lng"" : 77.53, ""distance"" : 0, ""duration"" : 0, ""rank"" : 2, ""is_nearby_store"" : false, ""city_id"" : 3, ""city_code"" : ""BR"", ""city_name"" : ""Bengaluru"", ""state_id"" : 16, ""state_name"" : ""Karnataka"", ""serviceable"" : true}",2025-03-13 02:09:29.497104+00,2025-03-13 02:09:29.497104+00,,"13.07,77.56","{""types"":[""street_address""],""geometry"":{""location"":{""lat"":13.0699468,""lng"":77.5599014},""viewport"":{""northeast"":{""lat"":13.0712957802915,""lng"":77.56125038029151},""southwest"":{""lat"":13.0685978197085,""lng"":77.5585524197085}},""location_type"":""ROOFTOP""},""place_id"":""ChIJg4klnVQjrjsRDoob-7WdTuI"",""plus_code"":{""global_code"":""7J5V3H95+XX"",""compound_code"":""3H95+XX Bengaluru, Karnataka, India""},""formatted_address"":""Vidyaranyapura, 16, Temple Rd, GD Layout, Ramanna Garden, Doddabommasandra, Vidyaranyapura, Bengaluru, Karnataka 560097, India"",""navigation_points"":[{""location"":{""latitude"":13.0699411,""longitude"":77.5599315},""road_name"":""""}],""address_components"":[{""types"":[""street_number""],""long_name"":""16"",""short_name"":""16""},{""types"":[""route""],""long_name"":""Temple Road"",""short_name"":""Temple Rd""},{""types"":[""neighborhood"",""political""],""long_name"":""GD Layout"",""short_name"":""GD Layout""},{""types"":[""political"",""sublocality"",""sublocality_level_3""],""long_name"":""Ramanna Garden"",""short_name"":""Ramanna Garden""},{""types"":[""political"",""sublocality"",""sublocality_level_2""],""long_name"":""Doddabommasandra"",""short_name"":""Doddabommasandra""},{""types"":[""political"",""sublocality"",""sublocality_level_1""],""long_name"":""Vidyaranyapura"",""short_name"":""Vidyaranyapura""},{""types"":[""locality"",""political""],""long_name"":""Bengaluru"",""short_name"":""Bengaluru""},{""types"":[""administrative_area_level_3"",""political""],""long_name"":""Bengaluru Urban"",""short_name"":""Bengaluru Urban""},{""types"":[""administrative_area_level_2"",""political""],""long_name"":""Bangalore Division"",""short_name"":""Bangalore Division""},{""types"":[""administrative_area_level_1"",""political""],""long_name"":""Karnataka"",""short_name"":""KA""},{""types"":[""country"",""political""],""long_name"":""India"",""short_name"":""IN""},{""types"":[""postal_code""],""long_name"":""560097"",""short_name"":""560097""}]}",Vidyaranyapura,Bangalore,"13.07,77.56"
34542,blinkit,"[{""lat"" : 12.91, ""lon"" : 77.71}, {""lat"" : 12.92, ""lon"" : 77.73}, {""lat"" : 12.92, ""lon"" : 77.72}, {""lat"" : 12.93, ""lon"" : 77.73}, {""lat"" : 12.92, ""lon"" : 77.75}, {""lat"" : 12.91, ""lon"" : 77.73}, {""lat"" : 12.92, ""lon"" : 77.74}, {""lat"" : 12.91, ""lon"" : 77.74}, {""lat"" : 12.93, ""lon"" : 77.74}]","{""id"" : ""7ae4522c-1ba4-46fb-8a0b-93eb12db3bde"", ""store_id"" : ""34542"", ""chain_id"" : ""1383"", ""queried_latitude"" : 12.91, ""queried_longitude"" : 77.71, ""lat"" : 12.91, ""lng"" : 77.71, ""distance"" : 0, ""duration"" : 0, ""rank"" : 1, ""is_nearby_store"" : false, ""city_id"" : 3, ""city_code"" : ""BR"", ""city_name"" : ""Bengaluru"", ""state_id"" : 16, ""state_name"" : ""Karnataka"", ""serviceable"" : true}",2025-03-13 07:35:47.006094+00,2025-03-13 07:35:47.006094+00,,"12.92,77.73","{""types"":[""establishment"",""general_contractor"",""point_of_interest""],""geometry"":{""location"":{""lat"":12.9202221,""lng"":77.7295939},""viewport"":{""northeast"":{""lat"":12.9215710802915,""lng"":77.73094288029151},""southwest"":{""lat"":12.9188731197085,""lng"":77.72824491970849}},""location_type"":""ROOFTOP""},""place_id"":""ChIJ5ehEKwATrjsRGkWfL_XKezo"",""formatted_address"":""WPCH+3RQ, Gunjur Palya, Bengaluru, Karnataka 560087, India"",""navigation_points"":[{""location"":{""latitude"":12.9201814,""longitude"":77.7296887},""road_name"":""""}],""address_components"":[{""types"":[""plus_code""],""long_name"":""WPCH+3RQ"",""short_name"":""WPCH+3RQ""},{""types"":[""political"",""sublocality"",""sublocality_level_1""],""long_name"":""Gunjur Palya"",""short_name"":""Gunjur Palya""},{""types"":[""locality"",""political""],""long_name"":""Bengaluru"",""short_name"":""Bengaluru""},{""types"":[""administrative_area_level_3"",""political""],""long_name"":""Bengaluru Urban"",""short_name"":""Bengaluru Urban""},{""types"":[""administrative_area_level_2"",""political""],""long_name"":""Bangalore Division"",""short_name"":""Bangalore Division""},{""types"":[""administrative_area_level_1"",""political""],""long_name"":""Karnataka"",""short_name"":""KA""},{""types"":[""country"",""political""],""long_name"":""India"",""short_name"":""IN""},{""types"":[""postal_code""],""long_name"":""560087"",""short_name"":""560087""}]}",Gunjur Palya,Bangalore,"12.92,77.73"
34544,blinkit,"[{""lat"" : 12.92, ""lon"" : 77.5}, {""lat"" : 12.93, ""lon"" : 77.52}, {""lat"" : 12.92, ""lon"" : 77.49}, {""lat"" : 12.94, ""lon"" : 77.53}, {""lat"" : 12.91, ""lon"" : 77.5}, {""lat"" : 12.92, ""lon"" : 77.51}, {""lat"" : 12.91, ""lon"" : 77.49}, {""lat"" : 12.9, ""lon"" : 77.52}, {""lat"" : 12.9, ""lon"" : 77.49}, {""lat"" : 12.92, ""lon"" : 77.53}, {""lat"" : 12.93, ""lon"" : 77.53}, {""lat"" : 12.9, ""lon"" : 77.51}, {""lat"" : 12.92, ""lon"" : 77.52}, {""lat"" : 12.9, ""lon"" : 77.5}, {""lat"" : 12.91, ""lon"" : 77.51}, {""lat"" : 12.94, ""lon"" : 77.52}, {""lat"" : 12.93, ""lon"" : 77.51}, {""lat"" : 12.91, ""lon"" : 77.52}]","{""id"" : ""b0b1aece-a1be-4f1b-ac86-8a5fb19af5ee"", ""store_id"" : ""34544"", ""chain_id"" : ""1383"", ""queried_latitude"" : 12.9, ""queried_longitude"" : 77.49, ""lat"" : 12.9, ""lng"" : 77.49, ""distance"" : 0, ""duration"" : 0, ""rank"" : 1, ""is_nearby_store"" : false, ""city_id"" : 3, ""city_code"" : ""BR"", ""city_name"" : ""Bengaluru"", ""state_id"" : 16, ""state_name"" : ""Karnataka"", ""serviceable"" : true}",2025-03-13 01:59:41.129944+00,2025-03-13 01:59:41.129944+00,,"12.92,77.51","{""types"":[""premise"",""street_address""],""geometry"":{""bounds"":{""northeast"":{""lat"":12.9201477,""lng"":77.5100243},""southwest"":{""lat"":12.9199869,""lng"":77.5099053}},""location"":{""lat"":12.9200645,""lng"":77.5099638},""viewport"":{""northeast"":{""lat"":12.9214162802915,""lng"":77.51131378029152},""southwest"":{""lat"":12.9187183197085,""lng"":77.5086158197085}},""location_type"":""ROOFTOP""},""place_id"":""ChIJk7Ku0P0-rjsRRbQjv_exboo"",""formatted_address"":""378, Remco Housing Society, Rajarajeshwari Nagar, Bengaluru, Karnataka 560060, India"",""navigation_points"":[{""location"":{""latitude"":12.9200045,""longitude"":77.5099564},""road_name"":""""}],""address_components"":[{""types"":[""premise""],""long_name"":""378"",""short_name"":""378""},{""types"":[""political"",""sublocality"",""sublocality_level_2""],""long_name"":""Remco Housing Society"",""short_name"":""Remco Housing Society""},{""types"":[""political"",""sublocality"",""sublocality_level_1""],""long_name"":""Rajarajeshwari Nagar"",""short_name"":""Rajarajeshwari Nagar""},{""types"":[""locality"",""political""],""long_name"":""Bengaluru"",""short_name"":""Bengaluru""},{""types"":[""administrative_area_level_3"",""political""],""long_name"":""Bengaluru Urban"",""short_name"":""Bengaluru Urban""},{""types"":[""administrative_area_level_2"",""political""],""long_name"":""Bangalore Division"",""short_name"":""Bangalore Division""},{""types"":[""administrative_area_level_1"",""political""],""long_name"":""Karnataka"",""short_name"":""KA""},{""types"":[""country"",""political""],""long_name"":""India"",""short_name"":""IN""},{""types"":[""postal_code""],""long_name"":""560060"",""short_name"":""560060""}]}",Rajarajeshwari Nagar,Bangalore,"12.92,77.51"
34546,blinkit,"[{""lat"" : 12.94, ""lon"" : 77.56}, {""lat"" : 12.95, ""lon"" : 77.55}, {""lat"" : 12.93, ""lon"" : 77.55}, {""lat"" : 12.94, ""lon"" : 77.54}, {""lat"" : 12.94, ""lon"" : 77.55}, {""lat"" : 12.93, ""lon"" : 77.54}, {""lat"" : 12.92, ""lon"" : 77.55}, {""lat"" : 12.92, ""lon"" : 77.54}]","{""id"" : ""7547dafa-9512-4aaf-a46d-f5e65546ce98"", ""store_id"" : ""34546"", ""chain_id"" : ""1383"", ""queried_latitude"" : 12.92, ""queried_longitude"" : 77.54, ""lat"" : 12.92, ""lng"" : 77.54, ""distance"" : 0, ""duration"" : 0, ""rank"" : 1, ""is_nearby_store"" : false, ""city_id"" : 3, ""city_code"" : ""BR"", ""city_name"" : ""Bengaluru"", ""state_id"" : 16, ""state_name"" : ""Karnataka"", ""serviceable"" : true}",2025-03-13 02:09:46.397171+00,2025-03-13 02:09:46.397171+00,,"12.93,77.55","{""types"":[""street_address""],""geometry"":{""location"":{""lat"":12.9299996,""lng"":77.5500081},""viewport"":{""northeast"":{""lat"":12.9313485802915,""lng"":77.55135708029151},""southwest"":{""lat"":12.9286506197085,""lng"":77.5486591197085}},""location_type"":""ROOFTOP""},""place_id"":""ChIJxZUQGTA-rjsRlTOtO8YSCQc"",""plus_code"":{""global_code"":""7J4VWHH2+X2"",""compound_code"":""WHH2+X2 Bengaluru, Karnataka, India""},""formatted_address"":""92, 3rd Cross Rd, 4th Block, Banashankari 3rd Stage, Banashankari, Bengaluru, Karnataka 560085, India"",""navigation_points"":[{""location"":{""latitude"":12.9300202,""longitude"":77.5500116},""road_name"":""""}],""address_components"":[{""types"":[""street_number""],""long_name"":""92"",""short_name"":""92""},{""types"":[""route""],""long_name"":""3rd Cross Road"",""short_name"":""3rd Cross Rd""},{""types"":[""political"",""sublocality"",""sublocality_level_3""],""long_name"":""4th Block"",""short_name"":""4th Block""},{""types"":[""political"",""sublocality"",""sublocality_level_2""],""long_name"":""Banashankari 3rd Stage"",""short_name"":""Banashankari 3rd Stage""},{""types"":[""political"",""sublocality"",""sublocality_level_1""],""long_name"":""Banashankari"",""short_name"":""Banashankari""},{""types"":[""locality"",""political""],""long_name"":""Bengaluru"",""short_name"":""Bengaluru""},{""types"":[""administrative_area_level_3"",""political""],""long_name"":""Bengaluru Urban"",""short_name"":""Bengaluru Urban""},{""types"":[""administrative_area_level_2"",""political""],""long_name"":""Bangalore Division"",""short_name"":""Bangalore Division""},{""types"":[""administrative_area_level_1"",""political""],""long_name"":""Karnataka"",""short_name"":""KA""},{""types"":[""country"",""political""],""long_name"":""India"",""short_name"":""IN""},{""types"":[""postal_code""],""long_name"":""560085"",""short_name"":""560085""}]}",Banashankari,Bangalore,"12.93,77.55"
34610,blinkit,"[{""lat"" : 12.92, ""lon"" : 77.47}, {""lat"" : 12.93, ""lon"" : 77.48}, {""lat"" : 12.93, ""lon"" : 77.5}, {""lat"" : 12.94, ""lon"" : 77.47}, {""lat"" : 12.95, ""lon"" : 77.48}, {""lat"" : 12.94, ""lon"" : 77.48}, {""lat"" : 12.95, ""lon"" : 77.5}, {""lat"" : 12.94, ""lon"" : 77.5}, {""lat"" : 12.92, ""lon"" : 77.48}, {""lat"" : 12.91, ""lon"" : 77.47}, {""lat"" : 12.93, ""lon"" : 77.49}, {""lat"" : 12.93, ""lon"" : 77.47}, {""lat"" : 12.94, ""lon"" : 77.49}]","{""id"" : ""420a5d6a-52ac-406e-84a1-34631d1637c8"", ""store_id"" : ""34610"", ""chain_id"" : ""1383"", ""queried_latitude"" : 12.91, ""queried_longitude"" : 77.47, ""lat"" : 12.91, ""lng"" : 77.47, ""distance"" : 0, ""duration"" : 0, ""rank"" : 1, ""is_nearby_store"" : false, ""city_id"" : 3, ""city_code"" : ""BR"", ""city_name"" : ""Bengaluru"", ""state_id"" : 16, ""state_name"" : ""Karnataka"", ""serviceable"" : true}",2025-03-13 01:51:46.702936+00,2025-03-13 01:51:46.702936+00,,"12.93,77.48","{""types"":[""street_address""],""geometry"":{""location"":{""lat"":12.930964,""lng"":77.479968},""viewport"":{""northeast"":{""lat"":12.9323129802915,""lng"":77.48131698029151},""southwest"":{""lat"":12.9296150197085,""lng"":77.4786190197085}},""location_type"":""ROOFTOP""},""place_id"":""ChIJ_bF0DM8-rjsR6JkUSL99VQ0"",""plus_code"":{""global_code"":""7J4VWFJH+9X"",""compound_code"":""WFJH+9X Bengaluru, Karnataka, India""},""formatted_address"":""1165, Block 1, SMV Layout, Bengaluru, Ramasandra, Karnataka 560056, India"",""navigation_points"":[{""location"":{""latitude"":12.9310795,""longitude"":77.4799829},""road_name"":""""}],""address_components"":[{""types"":[""premise""],""long_name"":""1165"",""short_name"":""1165""},{""types"":[""political"",""sublocality"",""sublocality_level_3""],""long_name"":""Block 1"",""short_name"":""Block 1""},{""types"":[""political"",""sublocality"",""sublocality_level_1""],""long_name"":""SMV Layout"",""short_name"":""SMV Layout""},{""types"":[""locality"",""political""],""long_name"":""Bengaluru"",""short_name"":""Bengaluru""},{""types"":[""administrative_area_level_3"",""political""],""long_name"":""Bengaluru Urban"",""short_name"":""Bengaluru Urban""},{""types"":[""administrative_area_level_2"",""political""],""long_name"":""Bangalore Division"",""short_name"":""Bangalore Division""},{""types"":[""administrative_area_level_1"",""political""],""long_name"":""Karnataka"",""short_name"":""KA""},{""types"":[""country"",""political""],""long_name"":""India"",""short_name"":""IN""},{""types"":[""postal_code""],""long_name"":""560056"",""short_name"":""560056""}]}",SMV Layout,Bangalore,"12.93,77.48"
34612,blinkit,"[{""lat"" : 12.91, ""lon"" : 77.53}, {""lat"" : 12.92, ""lon"" : 77.51}, {""lat"" : 12.92, ""lon"" : 77.53}, {""lat"" : 12.9, ""lon"" : 77.5}, {""lat"" : 12.91, ""lon"" : 77.52}, {""lat"" : 12.9, ""lon"" : 77.51}]","{""id"" : ""c3af2e3a-b614-445b-be2b-a2b8142a4aa0"", ""store_id"" : ""34612"", ""chain_id"" : ""1383"", ""queried_latitude"" : 12.9, ""queried_longitude"" : 77.5, ""lat"" : 12.9, ""lng"" : 77.5, ""distance"" : 0, ""duration"" : 0, ""rank"" : 1, ""is_nearby_store"" : false, ""city_id"" : 3, ""city_code"" : ""BR"", ""city_name"" : ""Bengaluru"", ""state_id"" : 16, ""state_name"" : ""Karnataka"", ""serviceable"" : true}",2025-03-13 02:00:11.002012+00,2025-03-13 02:00:11.002012+00,,"12.91,77.52","{""types"":[""premise"",""street_address""],""geometry"":{""bounds"":{""northeast"":{""lat"":12.9099391,""lng"":77.52020139999999},""southwest"":{""lat"":12.9098738,""lng"":77.52015659999999}},""location"":{""lat"":12.9099148,""lng"":77.5201889},""viewport"":{""northeast"":{""lat"":12.9112554302915,""lng"":77.5215279802915},""southwest"":{""lat"":12.9085574697085,""lng"":77.51883001970849}},""location_type"":""ROOFTOP""},""place_id"":""ChIJnxzS4ag_rjsRQyY4kSvtGDo"",""formatted_address"":""WG5C+X33, BEML Layout, 5th Stage, Rajarajeshwari Nagar, Bengaluru, Karnataka 560098, India"",""navigation_points"":[{""location"":{""latitude"":12.909907,""longitude"":77.520189},""road_name"":""""}],""address_components"":[{""types"":[""plus_code""],""long_name"":""WG5C+X33"",""short_name"":""WG5C+X33""},{""types"":[""political"",""sublocality"",""sublocality_level_3""],""long_name"":""BEML Layout"",""short_name"":""BEML Layout""},{""types"":[""political"",""sublocality"",""sublocality_level_2""],""long_name"":""5th Stage"",""short_name"":""5th Stage""},{""types"":[""political"",""sublocality"",""sublocality_level_1""],""long_name"":""Rajarajeshwari Nagar"",""short_name"":""Rajarajeshwari Nagar""},{""types"":[""locality"",""political""],""long_name"":""Bengaluru"",""short_name"":""Bengaluru""},{""types"":[""administrative_area_level_3"",""political""],""long_name"":""Bengaluru Urban"",""short_name"":""Bengaluru Urban""},{""types"":[""administrative_area_level_2"",""political""],""long_name"":""Bangalore Division"",""short_name"":""Bangalore Division""},{""types"":[""administrative_area_level_1"",""political""],""long_name"":""Karnataka"",""short_name"":""KA""},{""types"":[""country"",""political""],""long_name"":""India"",""short_name"":""IN""},{""types"":[""postal_code""],""long_name"":""560098"",""short_name"":""560098""}]}",Rajarajeshwari Nagar,Bangalore,"12.91,77.52"
34658,blinkit,"[{""lat"" : 12.97, ""lon"" : 77.56}, {""lat"" : 12.97, ""lon"" : 77.55}, {""lat"" : 12.98, ""lon"" : 77.55}, {""lat"" : 12.98, ""lon"" : 77.56}]","{""id"" : ""1122929d-0e44-4842-901a-b2a6885a1352"", ""store_id"" : ""34658"", ""chain_id"" : ""1383"", ""queried_latitude"" : 12.97, ""queried_longitude"" : 77.55, ""lat"" : 12.97, ""lng"" : 77.55, ""distance"" : 0, ""duration"" : 0, ""rank"" : 1, ""is_nearby_store"" : false, ""city_id"" : 3, ""city_code"" : ""BR"", ""city_name"" : ""Bengaluru"", ""state_id"" : 16, ""state_name"" : ""Karnataka"", ""serviceable"" : true}",2025-03-13 02:11:07.101265+00,2025-03-13 02:11:07.101265+00,,"12.98,77.56","{""types"":[""street_address""],""geometry"":{""location"":{""lat"":12.979754,""lng"":77.55957699999999},""viewport"":{""northeast"":{""lat"":12.9811029802915,""lng"":77.5609259802915},""southwest"":{""lat"":12.9784050197085,""lng"":77.55822801970848}},""location_type"":""ROOFTOP""},""place_id"":""ChIJ1_kaU_Y9rjsRi0pDsa7GlsU"",""plus_code"":{""global_code"":""7J4VXHH5+WR"",""compound_code"":""XHH5+WR Bengaluru, Karnataka, India""},""formatted_address"":""14/16, Gopalapura, Binnipete, Bengaluru, Karnataka 560023, India"",""navigation_points"":[{""location"":{""latitude"":12.9797186,""longitude"":77.5595124},""road_name"":""""}],""address_components"":[{""types"":[""premise""],""long_name"":""14/16"",""short_name"":""14/16""},{""types"":[""political"",""sublocality"",""sublocality_level_2""],""long_name"":""Gopalapura"",""short_name"":""Gopalapura""},{""types"":[""political"",""sublocality"",""sublocality_level_1""],""long_name"":""Binnipete"",""short_name"":""Binnipete""},{""types"":[""locality"",""political""],""long_name"":""Bengaluru"",""short_name"":""Bengaluru""},{""types"":[""administrative_area_level_3"",""political""],""long_name"":""Bengaluru Urban"",""short_name"":""Bengaluru Urban""},{""types"":[""administrative_area_level_2"",""political""],""long_name"":""Bangalore Division"",""short_name"":""Bangalore Division""},{""types"":[""administrative_area_level_1"",""political""],""long_name"":""Karnataka"",""short_name"":""KA""},{""types"":[""country"",""political""],""long_name"":""India"",""short_name"":""IN""},{""types"":[""postal_code""],""long_name"":""560023"",""short_name"":""560023""}]}",Binnipete,Bangalore,"12.98,77.56"
34734,blinkit,"[{""lat"" : 13.07, ""lon"" : 77.61}, {""lat"" : 13.05, ""lon"" : 77.61}, {""lat"" : 13.06, ""lon"" : 77.61}, {""lat"" : 13.08, ""lon"" : 77.59}, {""lat"" : 13.08, ""lon"" : 77.6}, {""lat"" : 13.05, ""lon"" : 77.62}, {""lat"" : 13.07, ""lon"" : 77.6}, {""lat"" : 13.06, ""lon"" : 77.6}, {""lat"" : 13.08, ""lon"" : 77.61}, {""lat"" : 13.05, ""lon"" : 77.6}]","{""id"" : ""82f7c7ee-433b-4690-9a19-b430ccc4f8fc"", ""store_id"" : ""34734"", ""chain_id"" : ""1383"", ""queried_latitude"" : 13.08, ""queried_longitude"" : 77.59, ""lat"" : 13.08, ""lng"" : 77.59, ""distance"" : 0, ""duration"" : 0, ""rank"" : 2, ""is_nearby_store"" : false, ""city_id"" : 3, ""city_code"" : ""BR"", ""city_name"" : ""Bengaluru"", ""state_id"" : 16, ""state_name"" : ""Karnataka"", ""serviceable"" : true}",2025-03-13 02:29:06.635171+00,2025-03-13 02:29:06.635171+00,,"13.07,77.6","{""types"":[""premise"",""street_address""],""geometry"":{""bounds"":{""northeast"":{""lat"":13.0701887,""lng"":77.60003809999999},""southwest"":{""lat"":13.0700105,""lng"":77.5999269}},""location"":{""lat"":13.0700996,""lng"":77.5999825},""viewport"":{""northeast"":{""lat"":13.0714485802915,""lng"":77.6013314802915},""southwest"":{""lat"":13.0687506197085,""lng"":77.5986335197085}},""location_type"":""ROOFTOP""},""place_id"":""ChIJAUeZxTEYrjsRvEhU9_0ntU4"",""formatted_address"":""121, 3rd Main Rd, Talacauvery Layout, Jakkuru Layout, Byatarayanapura, Bengaluru, Karnataka 560092, India"",""navigation_points"":[{""location"":{""latitude"":13.0700595,""longitude"":77.5999728},""road_name"":""""}],""address_components"":[{""types"":[""street_number""],""long_name"":""121"",""short_name"":""121""},{""types"":[""route""],""long_name"":""3rd Main Road"",""short_name"":""3rd Main Rd""},{""types"":[""neighborhood"",""political""],""long_name"":""Talacauvery Layout"",""short_name"":""Talacauvery Layout""},{""types"":[""political"",""sublocality"",""sublocality_level_2""],""long_name"":""Jakkuru Layout"",""short_name"":""Jakkuru Layout""},{""types"":[""political"",""sublocality"",""sublocality_level_1""],""long_name"":""Byatarayanapura"",""short_name"":""Byatarayanapura""},{""types"":[""locality"",""political""],""long_name"":""Bengaluru"",""short_name"":""Bengaluru""},{""types"":[""administrative_area_level_3"",""political""],""long_name"":""Bengaluru Urban"",""short_name"":""Bengaluru Urban""},{""types"":[""administrative_area_level_2"",""political""],""long_name"":""Bangalore Division"",""short_name"":""Bangalore Division""},{""types"":[""administrative_area_level_1"",""political""],""long_name"":""Karnataka"",""short_name"":""KA""},{""types"":[""country"",""political""],""long_name"":""India"",""short_name"":""IN""},{""types"":[""postal_code""],""long_name"":""560092"",""short_name"":""560092""}]}",Byatarayanapura,Bangalore,"13.07,77.60"
34742,blinkit,"[{""lat"" : 13.02, ""lon"" : 77.53}, {""lat"" : 13.03, ""lon"" : 77.54}, {""lat"" : 13.02, ""lon"" : 77.52}, {""lat"" : 13.02, ""lon"" : 77.54}, {""lat"" : 13.01, ""lon"" : 77.53}, {""lat"" : 13.02, ""lon"" : 77.55}, {""lat"" : 13.01, ""lon"" : 77.54}, {""lat"" : 13.03, ""lon"" : 77.53}]","{""id"" : ""555091c8-1597-4643-88f7-d023dceaa945"", ""store_id"" : ""34742"", ""chain_id"" : ""1383"", ""queried_latitude"" : 13.02, ""queried_longitude"" : 77.52, ""lat"" : 13.02, ""lng"" : 77.52, ""distance"" : 0, ""duration"" : 0, ""rank"" : 1, ""is_nearby_store"" : false, ""city_id"" : 3, ""city_code"" : ""BR"", ""city_name"" : ""Bengaluru"", ""state_id"" : 16, ""state_name"" : ""Karnataka"", ""serviceable"" : true}",2025-03-13 02:01:23.324118+00,2025-03-13 02:01:23.324118+00,,"13.02,77.53","{""types"":[""premise"",""street_address""],""geometry"":{""bounds"":{""northeast"":{""lat"":13.0200481,""lng"":77.5300094},""southwest"":{""lat"":13.0199739,""lng"":77.529916}},""location"":{""lat"":13.0200132,""lng"":77.52996949999999},""viewport"":{""northeast"":{""lat"":13.0213599802915,""lng"":77.53131168029151},""southwest"":{""lat"":13.0186620197085,""lng"":77.52861371970849}},""location_type"":""ROOFTOP""},""place_id"":""ChIJxXOE0Q89rjsRnzwx2R5f4So"",""formatted_address"":""5, 2nd Main Rd, 2nd Block, Muneshwara Block, Jenakal Siddeswara Nagar, Nandini Layout, Bengaluru, Karnataka 560096, India"",""navigation_points"":[{""location"":{""latitude"":13.0200531,""longitude"":77.5299665},""road_name"":""""}],""address_components"":[{""types"":[""street_number""],""long_name"":""5"",""short_name"":""5""},{""types"":[""route""],""long_name"":""2nd Main Road"",""short_name"":""2nd Main Rd""},{""types"":[""neighborhood"",""political""],""long_name"":""2nd Block"",""short_name"":""2nd Block""},{""types"":[""political"",""sublocality"",""sublocality_level_3""],""long_name"":""Muneshwara Block"",""short_name"":""Muneshwara Block""},{""types"":[""political"",""sublocality"",""sublocality_level_2""],""long_name"":""Jenakal Siddeswara Nagar"",""short_name"":""Jenakal Siddeswara Nagar""},{""types"":[""political"",""sublocality"",""sublocality_level_1""],""long_name"":""Nandini Layout"",""short_name"":""Nandini Layout""},{""types"":[""locality"",""political""],""long_name"":""Bengaluru"",""short_name"":""Bengaluru""},{""types"":[""administrative_area_level_3"",""political""],""long_name"":""Bengaluru Urban"",""short_name"":""Bengaluru Urban""},{""types"":[""administrative_area_level_2"",""political""],""long_name"":""Bangalore Division"",""short_name"":""Bangalore Division""},{""types"":[""administrative_area_level_1"",""political""],""long_name"":""Karnataka"",""short_name"":""KA""},{""types"":[""country"",""political""],""long_name"":""India"",""short_name"":""IN""},{""types"":[""postal_code""],""long_name"":""560096"",""short_name"":""560096""}]}",Nandini Layout,Bangalore,"13.02,77.53"
34744,blinkit,"[{""lat"" : 12.89, ""lon"" : 77.63}, {""lat"" : 12.9, ""lon"" : 77.63}]","{""id"" : ""b2c20160-dd76-4001-bf22-7044ea542042"", ""store_id"" : ""34744"", ""chain_id"" : ""1383"", ""queried_latitude"" : 12.89, ""queried_longitude"" : 77.63, ""lat"" : 12.89, ""lng"" : 77.63, ""distance"" : 0, ""duration"" : 0, ""rank"" : 1, ""is_nearby_store"" : false, ""city_id"" : 3, ""city_code"" : ""BR"", ""city_name"" : ""Bengaluru"", ""state_id"" : 16, ""state_name"" : ""Karnataka"", ""serviceable"" : true}",2025-03-13 02:31:34.262688+00,2025-03-13 02:31:34.262688+00,,"12.89,77.63","{""types"":[""establishment"",""point_of_interest""],""geometry"":{""location"":{""lat"":12.8900184,""lng"":77.6299581},""viewport"":{""northeast"":{""lat"":12.8913673802915,""lng"":77.6313070802915},""southwest"":{""lat"":12.8886694197085,""lng"":77.6286091197085}},""location_type"":""ROOFTOP""},""place_id"":""ChIJiTsnYQAVrjsR8aXJpCTHK-A"",""plus_code"":{""global_code"":""7J4VVJRH+2X"",""compound_code"":""VJRH+2X Bengaluru, Karnataka, India""},""formatted_address"":""367, Mico Layout, Hongasandra, Bengaluru, Karnataka 560068, India"",""navigation_points"":[{""location"":{""latitude"":12.8900779,""longitude"":77.6299341},""road_name"":""""}],""address_components"":[{""types"":[""premise""],""long_name"":""367"",""short_name"":""367""},{""types"":[""political"",""sublocality"",""sublocality_level_2""],""long_name"":""Mico Layout"",""short_name"":""Mico Layout""},{""types"":[""political"",""sublocality"",""sublocality_level_1""],""long_name"":""Hongasandra"",""short_name"":""Hongasandra""},{""types"":[""locality"",""political""],""long_name"":""Bengaluru"",""short_name"":""Bengaluru""},{""types"":[""administrative_area_level_3"",""political""],""long_name"":""Bengaluru Urban"",""short_name"":""Bengaluru Urban""},{""types"":[""administrative_area_level_2"",""political""],""long_name"":""Bangalore Division"",""short_name"":""Bangalore Division""},{""types"":[""administrative_area_level_1"",""political""],""long_name"":""Karnataka"",""short_name"":""KA""},{""types"":[""country"",""political""],""long_name"":""India"",""short_name"":""IN""},{""types"":[""postal_code""],""long_name"":""560068"",""short_name"":""560068""}]}",Hongasandra,Bangalore,"12.89,77.63"
34752,blinkit,"[{""lat"" : 12.87, ""lon"" : 77.67}, {""lat"" : 12.87, ""lon"" : 77.66}, {""lat"" : 12.88, ""lon"" : 77.66}]","{""id"" : ""363c83d1-9e8c-479a-9ff7-c0d1b8cf5722"", ""store_id"" : ""34752"", ""chain_id"" : ""1383"", ""queried_latitude"" : 12.87, ""queried_longitude"" : 77.66, ""lat"" : 12.87, ""lng"" : 77.66, ""distance"" : 0, ""duration"" : 0, ""rank"" : 1, ""is_nearby_store"" : false, ""city_id"" : 3, ""city_code"" : ""BR"", ""city_name"" : ""Bengaluru"", ""state_id"" : 16, ""state_name"" : ""Karnataka"", ""serviceable"" : true}",2025-03-13 02:41:52.255078+00,2025-03-13 02:41:52.255078+00,,"12.87,77.66","{""types"":[""establishment"",""point_of_interest""],""geometry"":{""location"":{""lat"":12.8698117,""lng"":77.6597683},""viewport"":{""northeast"":{""lat"":12.8711606802915,""lng"":77.6611172802915},""southwest"":{""lat"":12.8684627197085,""lng"":77.65841931970849}},""location_type"":""ROOFTOP""},""place_id"":""ChIJ49jEXMptrjsR7MhX7oVb3_A"",""plus_code"":{""global_code"":""7J4VVM95+WW"",""compound_code"":""VM95+WW Bengaluru, Karnataka, India""},""formatted_address"":""3, Hosa Rd, Naganathapura, Rayasandra, Bengaluru, Karnataka 560100, India"",""navigation_points"":[{""location"":{""latitude"":12.8698104,""longitude"":77.6597671},""road_name"":""""}],""address_components"":[{""types"":[""street_number""],""long_name"":""3"",""short_name"":""3""},{""types"":[""route""],""long_name"":""Hosa Road"",""short_name"":""Hosa Rd""},{""types"":[""political"",""sublocality"",""sublocality_level_2""],""long_name"":""Naganathapura"",""short_name"":""Naganathapura""},{""types"":[""political"",""sublocality"",""sublocality_level_1""],""long_name"":""Rayasandra"",""short_name"":""Rayasandra""},{""types"":[""locality"",""political""],""long_name"":""Bengaluru"",""short_name"":""Bengaluru""},{""types"":[""administrative_area_level_3"",""political""],""long_name"":""Bengaluru Urban"",""short_name"":""Bengaluru Urban""},{""types"":[""administrative_area_level_2"",""political""],""long_name"":""Bangalore Division"",""short_name"":""Bangalore Division""},{""types"":[""administrative_area_level_1"",""political""],""long_name"":""Karnataka"",""short_name"":""KA""},{""types"":[""country"",""political""],""long_name"":""India"",""short_name"":""IN""},{""types"":[""postal_code""],""long_name"":""560100"",""short_name"":""560100""}]}",Rayasandra,Bangalore,"12.87,77.66"
34754,blinkit,"[{""lat"" : 12.99, ""lon"" : 77.72}, {""lat"" : 12.99, ""lon"" : 77.73}, {""lat"" : 12.98, ""lon"" : 77.71}, {""lat"" : 12.99, ""lon"" : 77.71}]","{""id"" : ""7d522574-23f0-4988-9d48-10aa02f4600e"", ""store_id"" : ""34754"", ""chain_id"" : ""1383"", ""queried_latitude"" : 12.98, ""queried_longitude"" : 77.71, ""lat"" : 12.98, ""lng"" : 77.71, ""distance"" : 0, ""duration"" : 0, ""rank"" : 1, ""is_nearby_store"" : false, ""city_id"" : 3, ""city_code"" : ""BR"", ""city_name"" : ""Bengaluru"", ""state_id"" : 16, ""state_name"" : ""Karnataka"", ""serviceable"" : true}",2025-03-13 07:35:52.960374+00,2025-03-13 07:35:52.960374+00,,"12.99,77.72","{""types"":[""street_address""],""geometry"":{""location"":{""lat"":12.9901532,""lng"":77.71977489999999},""viewport"":{""northeast"":{""lat"":12.9915021802915,""lng"":77.7211238802915},""southwest"":{""lat"":12.9888042197085,""lng"":77.71842591970848}},""location_type"":""ROOFTOP""},""place_id"":""ChIJx4Uk4uURrjsRcs5E0bI5vOE"",""plus_code"":{""global_code"":""7J4VXPR9+3W"",""compound_code"":""XPR9+3W Bengaluru, Karnataka, India""},""formatted_address"":""Segal's Home, ITTINA AKKALA, C-1002, Basavanna Nagar, Krishnarajapuram, Bengaluru, Karnataka 560048, India"",""navigation_points"":[{""location"":{""latitude"":12.9901334,""longitude"":77.719836},""road_name"":""""}],""address_components"":[{""types"":[""premise""],""long_name"":""Segal's Home"",""short_name"":""Segal's Home""},{""types"":[""premise""],""long_name"":""ITTINA AKKALA"",""short_name"":""ITTINA AKKALA""},{""types"":[""premise""],""long_name"":""C-1002"",""short_name"":""C-1002""},{""types"":[""political"",""sublocality"",""sublocality_level_2""],""long_name"":""Basavanna Nagar"",""short_name"":""Basavanna Nagar""},{""types"":[""political"",""sublocality"",""sublocality_level_1""],""long_name"":""Krishnarajapuram"",""short_name"":""K R Puram""},{""types"":[""locality"",""political""],""long_name"":""Bengaluru"",""short_name"":""Bengaluru""},{""types"":[""administrative_area_level_3"",""political""],""long_name"":""Bengaluru Urban"",""short_name"":""Bengaluru Urban""},{""types"":[""administrative_area_level_2"",""political""],""long_name"":""Bangalore Division"",""short_name"":""Bangalore Division""},{""types"":[""administrative_area_level_1"",""political""],""long_name"":""Karnataka"",""short_name"":""KA""},{""types"":[""country"",""political""],""long_name"":""India"",""short_name"":""IN""},{""types"":[""postal_code""],""long_name"":""560048"",""short_name"":""560048""}]}",Basavanna Nagar,Bangalore,"12.99,77.72"
34756,blinkit,"[{""lat"" : 13.09, ""lon"" : 77.74}, {""lat"" : 13.06, ""lon"" : 77.75}, {""lat"" : 13.07, ""lon"" : 77.75}, {""lat"" : 13.06, ""lon"" : 77.76}, {""lat"" : 13.07, ""lon"" : 77.74}, {""lat"" : 13.07, ""lon"" : 77.73}, {""lat"" : 13.06, ""lon"" : 77.73}, {""lat"" : 13.08, ""lon"" : 77.74}, {""lat"" : 13.05, ""lon"" : 77.74}, {""lat"" : 13.09, ""lon"" : 77.75}, {""lat"" : 13.04, ""lon"" : 77.74}, {""lat"" : 13.05, ""lon"" : 77.75}, {""lat"" : 13.06, ""lon"" : 77.74}, {""lat"" : 13.07, ""lon"" : 77.72}, {""lat"" : 13.08, ""lon"" : 77.75}]","{""id"" : ""c7ec04f0-79ee-4277-90b2-70aacebf3018"", ""store_id"" : ""34756"", ""chain_id"" : ""1383"", ""queried_latitude"" : 13.07, ""queried_longitude"" : 77.72, ""lat"" : 13.07, ""lng"" : 77.72, ""distance"" : 0, ""duration"" : 0, ""rank"" : 1, ""is_nearby_store"" : false, ""city_id"" : 3, ""city_code"" : ""BR"", ""city_name"" : ""Bengaluru"", ""state_id"" : 16, ""state_name"" : ""Karnataka"", ""serviceable"" : true}",2025-03-13 07:36:33.144579+00,2025-03-13 07:36:33.144579+00,,"13.07,77.74","{""types"":[""plus_code""],""geometry"":{""bounds"":{""northeast"":{""lat"":13.070125,""lng"":77.74012499999999},""southwest"":{""lat"":13.07,""lng"":77.74}},""location"":{""lat"":13.07,""lng"":77.74},""viewport"":{""northeast"":{""lat"":13.0714114802915,""lng"":77.7414114802915},""southwest"":{""lat"":13.0687135197085,""lng"":77.7387135197085}},""location_type"":""GEOMETRIC_CENTER""},""place_id"":""GhIJpXA9CtcjKkARj8L1KFxvU0A"",""plus_code"":{""global_code"":""7J5V3PCR+22"",""compound_code"":""3PCR+22 Bengaluru, Karnataka, India""},""formatted_address"":""3PCR+22 Bengaluru, Karnataka, India"",""address_components"":[{""types"":[""plus_code""],""long_name"":""3PCR+22"",""short_name"":""3PCR+22""},{""types"":[""locality"",""political""],""long_name"":""Bengaluru"",""short_name"":""Bengaluru""},{""types"":[""administrative_area_level_3"",""political""],""long_name"":""Bengaluru Urban"",""short_name"":""Bengaluru Urban""},{""types"":[""administrative_area_level_2"",""political""],""long_name"":""Bangalore Division"",""short_name"":""Bangalore Division""},{""types"":[""administrative_area_level_1"",""political""],""long_name"":""Karnataka"",""short_name"":""KA""},{""types"":[""country"",""political""],""long_name"":""India"",""short_name"":""IN""}]}",Bengaluru,Bangalore,"13.07,77.74"
34766,blinkit,"[{""lat"" : 13.03, ""lon"" : 77.71}, {""lat"" : 13.04, ""lon"" : 77.7}, {""lat"" : 13, ""lon"" : 77.71}, {""lat"" : 13.05, ""lon"" : 77.74}, {""lat"" : 13.01, ""lon"" : 77.69}, {""lat"" : 13.04, ""lon"" : 77.71}, {""lat"" : 13.05, ""lon"" : 77.75}, {""lat"" : 13.03, ""lon"" : 77.72}, {""lat"" : 13.03, ""lon"" : 77.73}, {""lat"" : 13.03, ""lon"" : 77.76}, {""lat"" : 13.04, ""lon"" : 77.68}, {""lat"" : 13.03, ""lon"" : 77.75}, {""lat"" : 13.01, ""lon"" : 77.68}, {""lat"" : 13.02, ""lon"" : 77.71}, {""lat"" : 13.04, ""lon"" : 77.74}, {""lat"" : 13.03, ""lon"" : 77.7}, {""lat"" : 13.04, ""lon"" : 77.72}, {""lat"" : 13.06, ""lon"" : 77.74}, {""lat"" : 13.03, ""lon"" : 77.74}, {""lat"" : 13.07, ""lon"" : 77.75}, {""lat"" : 13.01, ""lon"" : 77.73}, {""lat"" : 13.03, ""lon"" : 77.68}, {""lat"" : 13.02, ""lon"" : 77.72}, {""lat"" : 13, ""lon"" : 77.73}, {""lat"" : 13.07, ""lon"" : 77.74}, {""lat"" : 13.01, ""lon"" : 77.7}, {""lat"" : 13.03, ""lon"" : 77.69}, {""lat"" : 13.02, ""lon"" : 77.68}, {""lat"" : 13.02, ""lon"" : 77.76}, {""lat"" : 13.02, ""lon"" : 77.73}, {""lat"" : 13.07, ""lon"" : 77.73}, {""lat"" : 13.01, ""lon"" : 77.71}, {""lat"" : 13.04, ""lon"" : 77.69}, {""lat"" : 13.02, ""lon"" : 77.69}, {""lat"" : 13.06, ""lon"" : 77.73}, {""lat"" : 13, ""lon"" : 77.72}, {""lat"" : 13.06, ""lon"" : 77.76}, {""lat"" : 13.05, ""lon"" : 77.76}, {""lat"" : 13, ""lon"" : 77.75}, {""lat"" : 13.06, ""lon"" : 77.75}, {""lat"" : 13, ""lon"" : 77.74}, {""lat"" : 13.04, ""lon"" : 77.76}, {""lat"" : 13.01, ""lon"" : 77.74}, {""lat"" : 13.04, ""lon"" : 77.75}, {""lat"" : 13.01, ""lon"" : 77.72}, {""lat"" : 13.04, ""lon"" : 77.73}, {""lat"" : 13.02, ""lon"" : 77.7}]","{""id"" : ""8238d3d0-3447-4fea-a6c2-703ffb26e605"", ""store_id"" : ""34766"", ""chain_id"" : ""1383"", ""queried_latitude"" : 13.01, ""queried_longitude"" : 77.68, ""lat"" : 13.01, ""lng"" : 77.68, ""distance"" : 0, ""duration"" : 0, ""rank"" : 3, ""is_nearby_store"" : false, ""city_id"" : 3, ""city_code"" : ""BR"", ""city_name"" : ""Bengaluru"", ""state_id"" : 16, ""state_name"" : ""Karnataka"", ""serviceable"" : true}",2025-03-13 02:43:15.25248+00,2025-03-13 02:43:15.25248+00,,"13.03,77.72","{""types"":[""premise"",""street_address""],""geometry"":{""bounds"":{""northeast"":{""lat"":13.029803,""lng"":77.72022969999999},""southwest"":{""lat"":13.0296789,""lng"":77.72009589999999}},""location"":{""lat"":13.0297409,""lng"":77.7201628},""viewport"":{""northeast"":{""lat"":13.0310899302915,""lng"":77.7215117802915},""southwest"":{""lat"":13.0283919697085,""lng"":77.71881381970849}},""location_type"":""ROOFTOP""},""place_id"":""ChIJw5gA2EcQrjsRpXdqIXd00do"",""formatted_address"":""Karna Shree Layout, 1, Medahalli, Bengaluru, Karnataka 560049, India"",""navigation_points"":[{""location"":{""latitude"":13.029755,""longitude"":77.7201522},""road_name"":""""}],""address_components"":[{""types"":[""premise""],""long_name"":""Karna Shree Layout"",""short_name"":""Karna Shree Layout""},{""types"":[""premise""],""long_name"":""1"",""short_name"":""1""},{""types"":[""political"",""sublocality"",""sublocality_level_1""],""long_name"":""Medahalli"",""short_name"":""Medahalli""},{""types"":[""locality"",""political""],""long_name"":""Bengaluru"",""short_name"":""Bengaluru""},{""types"":[""administrative_area_level_3"",""political""],""long_name"":""Bengaluru Urban"",""short_name"":""Bengaluru Urban""},{""types"":[""administrative_area_level_2"",""political""],""long_name"":""Bangalore Division"",""short_name"":""Bangalore Division""},{""types"":[""administrative_area_level_1"",""political""],""long_name"":""Karnataka"",""short_name"":""KA""},{""types"":[""country"",""political""],""long_name"":""India"",""short_name"":""IN""},{""types"":[""postal_code""],""long_name"":""560049"",""short_name"":""560049""}]}",Medahalli,Bangalore,"13.03,77.72"
34780,blinkit,"[{""lat"" : 13.04, ""lon"" : 77.65}, {""lat"" : 13.02, ""lon"" : 77.68}, {""lat"" : 13.01, ""lon"" : 77.67}, {""lat"" : 13.04, ""lon"" : 77.67}, {""lat"" : 13.02, ""lon"" : 77.67}, {""lat"" : 13.04, ""lon"" : 77.66}, {""lat"" : 13.03, ""lon"" : 77.66}, {""lat"" : 13.03, ""lon"" : 77.67}, {""lat"" : 13.01, ""lon"" : 77.68}]","{""id"" : ""36654acd-73c9-4443-aae6-57a44895a01e"", ""store_id"" : ""34780"", ""chain_id"" : ""1383"", ""queried_latitude"" : 13.03, ""queried_longitude"" : 77.66, ""lat"" : 13.03, ""lng"" : 77.66, ""distance"" : 0, ""duration"" : 0, ""rank"" : 1, ""is_nearby_store"" : false, ""city_id"" : 3, ""city_code"" : ""BR"", ""city_name"" : ""Bengaluru"", ""state_id"" : 16, ""state_name"" : ""Karnataka"", ""serviceable"" : true}",2025-03-13 02:42:04.16139+00,2025-03-13 02:42:04.16139+00,,"13.03,77.67","{""types"":[""street_address""],""geometry"":{""location"":{""lat"":13.029854,""lng"":77.6702261},""viewport"":{""northeast"":{""lat"":13.0312029802915,""lng"":77.6715750802915},""southwest"":{""lat"":13.0285050197085,""lng"":77.66887711970848}},""location_type"":""ROOFTOP""},""place_id"":""ChIJ64gCHo8RrjsRKhxGEZJysnc"",""plus_code"":{""global_code"":""7J5V2MHC+W3"",""compound_code"":""2MHC+W3 Bengaluru, Karnataka, India""},""formatted_address"":""Aikya, 5th Main Road, 29 Dr. Rajkumar Layout Kalkere, Riches Regal Layout, Horamavu, Bengaluru, Karnataka 560016, India"",""navigation_points"":[{""location"":{""latitude"":13.0298804,""longitude"":77.6700666},""road_name"":""""}],""address_components"":[{""types"":[""political"",""sublocality"",""sublocality_level_1""],""long_name"":""Horamavu"",""short_name"":""Horamavu""},{""types"":[""political"",""sublocality"",""sublocality_level_3""],""long_name"":""Riches Regal Layout"",""short_name"":""Riches Regal Layout""},{""types"":[""locality"",""political""],""long_name"":""Bengaluru"",""short_name"":""Bengaluru""},{""types"":[""administrative_area_level_3"",""political""],""long_name"":""Bengaluru Urban"",""short_name"":""Bengaluru Urban""},{""types"":[""administrative_area_level_2"",""political""],""long_name"":""Bangalore Division"",""short_name"":""Bangalore Division""},{""types"":[""administrative_area_level_1"",""political""],""long_name"":""Karnataka"",""short_name"":""KA""},{""types"":[""country"",""political""],""long_name"":""India"",""short_name"":""IN""},{""types"":[""postal_code""],""long_name"":""560016"",""short_name"":""560016""}]}",Horamavu,Bangalore,"13.03,77.67"
34835,blinkit,"[{""lat"" : 12.98, ""lon"" : 77.75}, {""lat"" : 12.99, ""lon"" : 77.76}, {""lat"" : 12.98, ""lon"" : 77.72}, {""lat"" : 12.97, ""lon"" : 77.73}, {""lat"" : 12.97, ""lon"" : 77.75}, {""lat"" : 12.97, ""lon"" : 77.74}, {""lat"" : 12.99, ""lon"" : 77.75}, {""lat"" : 12.97, ""lon"" : 77.71}, {""lat"" : 12.98, ""lon"" : 77.73}, {""lat"" : 12.99, ""lon"" : 77.74}, {""lat"" : 12.95, ""lon"" : 77.73}, {""lat"" : 12.98, ""lon"" : 77.74}, {""lat"" : 12.99, ""lon"" : 77.73}, {""lat"" : 12.98, ""lon"" : 77.76}, {""lat"" : 12.96, ""lon"" : 77.73}, {""lat"" : 12.99, ""lon"" : 77.72}, {""lat"" : 12.96, ""lon"" : 77.74}]","{""id"" : ""6b029b2a-5962-42ee-b7a0-fba5de5db34d"", ""store_id"" : ""34835"", ""chain_id"" : ""1383"", ""queried_latitude"" : 12.97, ""queried_longitude"" : 77.71, ""lat"" : 12.97, ""lng"" : 77.71, ""distance"" : 0, ""duration"" : 0, ""rank"" : 3, ""is_nearby_store"" : false, ""city_id"" : 3, ""city_code"" : ""BR"", ""city_name"" : ""Bengaluru"", ""state_id"" : 16, ""state_name"" : ""Karnataka"", ""serviceable"" : true}",2025-03-13 07:35:52.22681+00,2025-03-13 07:35:52.22681+00,,"12.98,77.74","{""types"":[""establishment"",""point_of_interest""],""geometry"":{""location"":{""lat"":12.9802013,""lng"":77.7397822},""viewport"":{""northeast"":{""lat"":12.9815502802915,""lng"":77.7411311802915},""southwest"":{""lat"":12.9788523197085,""lng"":77.7384332197085}},""location_type"":""ROOFTOP""},""place_id"":""ChIJeR2lBvwRrjsRs4E4AJakGWY"",""formatted_address"":""XPJQ+3WM, Pattandur Agrahara, Whitefield, Bengaluru, Karnataka 560066, India"",""navigation_points"":[{""location"":{""latitude"":12.9801824,""longitude"":77.7397799},""road_name"":""""}],""address_components"":[{""types"":[""plus_code""],""long_name"":""XPJQ+3WM"",""short_name"":""XPJQ+3WM""},{""types"":[""political"",""sublocality"",""sublocality_level_2""],""long_name"":""Pattandur Agrahara"",""short_name"":""Pattandur Agrahara""},{""types"":[""political"",""sublocality"",""sublocality_level_1""],""long_name"":""Whitefield"",""short_name"":""Whitefield""},{""types"":[""locality"",""political""],""long_name"":""Bengaluru"",""short_name"":""Bengaluru""},{""types"":[""administrative_area_level_3"",""political""],""long_name"":""Bengaluru Urban"",""short_name"":""Bengaluru Urban""},{""types"":[""administrative_area_level_2"",""political""],""long_name"":""Bangalore Division"",""short_name"":""Bangalore Division""},{""types"":[""administrative_area_level_1"",""political""],""long_name"":""Karnataka"",""short_name"":""KA""},{""types"":[""country"",""political""],""long_name"":""India"",""short_name"":""IN""},{""types"":[""postal_code""],""long_name"":""560066"",""short_name"":""560066""}]}",Pattandur Agrahara,Bangalore,"12.98,77.74"
349,blinkit,[],{},2025-03-18 21:55:17.442225+00,2025-03-18 21:55:17.442225+00,,"""12.9186174,77.67224039999999""","{""full"":""Site No.3 in Sy. 28 measuring 2 Acres., situated at Dodda Kanali Village, Varthur Hobli, Bengaluru East Taluk BBMP Ward No. 150 Bellandur, Bengaluru-560035""}",Bellandur,Bangalore,"12.92,77.67"
35088,blinkit,"[{""lat"" : 12.97, ""lon"" : 77.65}, {""lat"" : 12.96, ""lon"" : 77.64}, {""lat"" : 12.98, ""lon"" : 77.64}, {""lat"" : 12.98, ""lon"" : 77.65}]","{""id"" : ""191c3781-a107-44bf-8663-bb111c39b404"", ""store_id"" : ""35088"", ""chain_id"" : ""1383"", ""queried_latitude"" : 12.96, ""queried_longitude"" : 77.64, ""lat"" : 12.96, ""lng"" : 77.64, ""distance"" : 0, ""duration"" : 0, ""rank"" : 1, ""is_nearby_store"" : false, ""city_id"" : 3, ""city_code"" : ""BR"", ""city_name"" : ""Bengaluru"", ""state_id"" : 16, ""state_name"" : ""Karnataka"", ""serviceable"" : true}",2025-03-13 02:32:26.509846+00,2025-03-13 02:32:26.509846+00,,"12.97,77.65","{""types"":[""street_address""],""geometry"":{""location"":{""lat"":12.9700648,""lng"":77.649952},""viewport"":{""northeast"":{""lat"":12.9714137802915,""lng"":77.65130098029151},""southwest"":{""lat"":12.9687158197085,""lng"":77.6486030197085}},""location_type"":""ROOFTOP""},""place_id"":""ChIJE5dyd6oWrjsRndqO1ifX6GQ"",""plus_code"":{""global_code"":""7J4VXJCX+2X"",""compound_code"":""XJCX+2X Bengaluru, Karnataka, India""},""formatted_address"":""330, 8th Main Rd, Hal, HAL 3rd Stage, Puttappa layout, New Tippasandra, Bengaluru, Karnataka 560075, India"",""navigation_points"":[{""location"":{""latitude"":12.9700755,""longitude"":77.6499515},""road_name"":""""}],""address_components"":[{""types"":[""street_number""],""long_name"":""330"",""short_name"":""330""},{""types"":[""route""],""long_name"":""8th Main Road"",""short_name"":""8th Main Rd""},{""types"":[""neighborhood"",""political""],""long_name"":""Hal"",""short_name"":""Hal""},{""types"":[""political"",""sublocality"",""sublocality_level_3""],""long_name"":""HAL 3rd Stage"",""short_name"":""HAL 3rd Stage""},{""types"":[""political"",""sublocality"",""sublocality_level_2""],""long_name"":""Puttappa layout"",""short_name"":""Puttappa layout""},{""types"":[""political"",""sublocality"",""sublocality_level_1""],""long_name"":""New Tippasandra"",""short_name"":""New Tippasandra""},{""types"":[""locality"",""political""],""long_name"":""Bengaluru"",""short_name"":""Bengaluru""},{""types"":[""administrative_area_level_3"",""political""],""long_name"":""Bengaluru Urban"",""short_name"":""Bengaluru Urban""},{""types"":[""administrative_area_level_2"",""political""],""long_name"":""Bangalore Division"",""short_name"":""Bangalore Division""},{""types"":[""administrative_area_level_1"",""political""],""long_name"":""Karnataka"",""short_name"":""KA""},{""types"":[""country"",""political""],""long_name"":""India"",""short_name"":""IN""},{""types"":[""postal_code""],""long_name"":""560075"",""short_name"":""560075""}]}",New Tippasandra,Bangalore,"12.97,77.65"
35264,blinkit,"[{""lat"" : 13.09, ""lon"" : 77.66}, {""lat"" : 13.08, ""lon"" : 77.65}, {""lat"" : 13.09, ""lon"" : 77.65}, {""lat"" : 13.08, ""lon"" : 77.64}, {""lat"" : 13.08, ""lon"" : 77.66}]","{""id"" : ""b18eab51-7de7-4fd1-a6bd-fb218274f854"", ""store_id"" : ""35264"", ""chain_id"" : ""1383"", ""queried_latitude"" : 13.08, ""queried_longitude"" : 77.64, ""lat"" : 13.08, ""lng"" : 77.64, ""distance"" : 0, ""duration"" : 0, ""rank"" : 1, ""is_nearby_store"" : false, ""city_id"" : 3, ""city_code"" : ""BR"", ""city_name"" : ""Bengaluru"", ""state_id"" : 16, ""state_name"" : ""Karnataka"", ""serviceable"" : true}",2025-03-13 02:32:36.616744+00,2025-03-13 02:32:36.616744+00,,"13.08,77.65","{""types"":[""premise"",""street_address""],""geometry"":{""bounds"":{""northeast"":{""lat"":13.0801192,""lng"":77.6502402},""southwest"":{""lat"":13.0799603,""lng"":77.6501414}},""location"":{""lat"":13.0800551,""lng"":77.65018959999999},""viewport"":{""northeast"":{""lat"":13.0813887302915,""lng"":77.6515397802915},""southwest"":{""lat"":13.0786907697085,""lng"":77.6488418197085}},""location_type"":""ROOFTOP""},""place_id"":""ChIJZ43PV_QZrjsR11sRF_u_Yvg"",""formatted_address"":""3MJ2+23, Bengaluru, Chikkagubbi, Karnataka 560077, India"",""navigation_points"":[{""location"":{""latitude"":13.0800228,""longitude"":77.6501888},""road_name"":""""}],""address_components"":[{""types"":[""plus_code""],""long_name"":""3MJ2+23"",""short_name"":""3MJ2+23""},{""types"":[""locality"",""political""],""long_name"":""Bengaluru"",""short_name"":""Bengaluru""},{""types"":[""locality"",""political""],""long_name"":""Chikkagubbi"",""short_name"":""Chikkagubbi""},{""types"":[""administrative_area_level_3"",""political""],""long_name"":""Bengaluru Urban"",""short_name"":""Bengaluru Urban""},{""types"":[""administrative_area_level_2"",""political""],""long_name"":""Bangalore Division"",""short_name"":""Bangalore Division""},{""types"":[""administrative_area_level_1"",""political""],""long_name"":""Karnataka"",""short_name"":""KA""},{""types"":[""country"",""political""],""long_name"":""India"",""short_name"":""IN""},{""types"":[""postal_code""],""long_name"":""560077"",""short_name"":""560077""}]}",Chikkagubbi,Bangalore,"13.08,77.65"
35322,blinkit,"[{""lat"" : 12.86, ""lon"" : 77.7}, {""lat"" : 12.87, ""lon"" : 77.68}, {""lat"" : 12.87, ""lon"" : 77.7}, {""lat"" : 12.86, ""lon"" : 77.68}, {""lat"" : 12.86, ""lon"" : 77.71}, {""lat"" : 12.85, ""lon"" : 77.69}, {""lat"" : 12.85, ""lon"" : 77.68}, {""lat"" : 12.85, ""lon"" : 77.67}, {""lat"" : 12.86, ""lon"" : 77.67}, {""lat"" : 12.86, ""lon"" : 77.69}, {""lat"" : 12.87, ""lon"" : 77.69}]","{""id"" : ""0a6de317-45c6-44ea-8a76-4ca0899ede8a"", ""store_id"" : ""35322"", ""chain_id"" : ""1383"", ""queried_latitude"" : 12.85, ""queried_longitude"" : 77.67, ""lat"" : 12.85, ""lng"" : 77.67, ""distance"" : 0, ""duration"" : 0, ""rank"" : 1, ""is_nearby_store"" : false, ""city_id"" : 3, ""city_code"" : ""BR"", ""city_name"" : ""Bengaluru"", ""state_id"" : 16, ""state_name"" : ""Karnataka"", ""serviceable"" : true}",2025-03-13 02:42:25.54755+00,2025-03-13 02:42:25.54755+00,,"12.86,77.69","{""types"":[""establishment"",""point_of_interest"",""storage""],""geometry"":{""location"":{""lat"":12.8605254,""lng"":77.6906205},""viewport"":{""northeast"":{""lat"":12.8618743802915,""lng"":77.6919694802915},""southwest"":{""lat"":12.8591764197085,""lng"":77.6892715197085}},""location_type"":""ROOFTOP""},""place_id"":""ChIJY9sEMQBtrjsRkNbbk27Ocl0"",""formatted_address"":""VM6R+669, Chikkanagamangala Rd, Silicon Town, Chikkanagamangala, Bengaluru, Karnataka 560099, India"",""navigation_points"":[{""location"":{""latitude"":12.8604636,""longitude"":77.6906082},""road_name"":""""}],""address_components"":[{""types"":[""plus_code""],""long_name"":""VM6R+669"",""short_name"":""VM6R+669""},{""types"":[""route""],""long_name"":""Chikkanagamangala Road"",""short_name"":""Chikkanagamangala Rd""},{""types"":[""political"",""sublocality"",""sublocality_level_2""],""long_name"":""Silicon Town"",""short_name"":""Silicon Town""},{""types"":[""political"",""sublocality"",""sublocality_level_1""],""long_name"":""Chikkanagamangala"",""short_name"":""Chikkanagamangala""},{""types"":[""locality"",""political""],""long_name"":""Bengaluru"",""short_name"":""Bengaluru""},{""types"":[""administrative_area_level_3"",""political""],""long_name"":""Bengaluru Urban"",""short_name"":""Bengaluru Urban""},{""types"":[""administrative_area_level_2"",""political""],""long_name"":""Bangalore Division"",""short_name"":""Bangalore Division""},{""types"":[""administrative_area_level_1"",""political""],""long_name"":""Karnataka"",""short_name"":""KA""},{""types"":[""country"",""political""],""long_name"":""India"",""short_name"":""IN""},{""types"":[""postal_code""],""long_name"":""560099"",""short_name"":""560099""}]}",Silicon Town,Bangalore,"12.86,77.69"
35388,blinkit,"[{""lat"" : 13.06, ""lon"" : 77.58}, {""lat"" : 13.05, ""lon"" : 77.57}, {""lat"" : 13.08, ""lon"" : 77.6}, {""lat"" : 13.06, ""lon"" : 77.59}, {""lat"" : 13.06, ""lon"" : 77.57}, {""lat"" : 13.07, ""lon"" : 77.57}, {""lat"" : 13.08, ""lon"" : 77.59}, {""lat"" : 13.07, ""lon"" : 77.58}, {""lat"" : 13.07, ""lon"" : 77.59}]","{""id"" : ""22cb4db3-60ca-4605-90aa-13f3c3dfce9c"", ""store_id"" : ""35388"", ""chain_id"" : ""1383"", ""queried_latitude"" : 13.05, ""queried_longitude"" : 77.57, ""lat"" : 13.05, ""lng"" : 77.57, ""distance"" : 0, ""duration"" : 0, ""rank"" : 1, ""is_nearby_store"" : false, ""city_id"" : 3, ""city_code"" : ""BR"", ""city_name"" : ""Bengaluru"", ""state_id"" : 16, ""state_name"" : ""Karnataka"", ""serviceable"" : true}",2025-03-13 02:12:26.964694+00,2025-03-13 02:12:26.964694+00,,"13.07,77.58","{""types"":[""premise"",""street_address""],""geometry"":{""bounds"":{""northeast"":{""lat"":13.0699939,""lng"":77.58014},""southwest"":{""lat"":13.0697985,""lng"":77.5799756}},""location"":{""lat"":13.0699004,""lng"":77.5800536},""viewport"":{""northeast"":{""lat"":13.0712451802915,""lng"":77.5814067802915},""southwest"":{""lat"":13.0685472197085,""lng"":77.5787088197085}},""location_type"":""ROOFTOP""},""place_id"":""ChIJS7kOORcYrjsR0Dy39KZO8SE"",""formatted_address"":""11, Blue Bells St, Canara Bank Layout, Rajiv Gandhi Nagar, Kodigehalli, Bengaluru, Karnataka 560097, India"",""navigation_points"":[{""location"":{""latitude"":13.0698451,""longitude"":77.5801088},""road_name"":""""}],""address_components"":[{""types"":[""street_number""],""long_name"":""11"",""short_name"":""11""},{""types"":[""route""],""long_name"":""Blue Bells Street"",""short_name"":""Blue Bells St""},{""types"":[""political"",""sublocality"",""sublocality_level_3""],""long_name"":""Canara Bank Layout"",""short_name"":""Canara Bank Layout""},{""types"":[""political"",""sublocality"",""sublocality_level_2""],""long_name"":""Rajiv Gandhi Nagar"",""short_name"":""Rajiv Gandhi Nagar""},{""types"":[""political"",""sublocality"",""sublocality_level_1""],""long_name"":""Kodigehalli"",""short_name"":""Kodigehalli""},{""types"":[""locality"",""political""],""long_name"":""Bengaluru"",""short_name"":""Bengaluru""},{""types"":[""administrative_area_level_3"",""political""],""long_name"":""Bengaluru Urban"",""short_name"":""Bengaluru Urban""},{""types"":[""administrative_area_level_2"",""political""],""long_name"":""Bangalore Division"",""short_name"":""Bangalore Division""},{""types"":[""administrative_area_level_1"",""political""],""long_name"":""Karnataka"",""short_name"":""KA""},{""types"":[""country"",""political""],""long_name"":""India"",""short_name"":""IN""},{""types"":[""postal_code""],""long_name"":""560097"",""short_name"":""560097""}]}",Kodigehalli,Bangalore,"13.07,77.58"
35494,blinkit,"[{""lat"" : 12.97, ""lon"" : 77.67}, {""lat"" : 12.97, ""lon"" : 77.66}, {""lat"" : 12.96, ""lon"" : 77.67}]","{""id"" : ""73795274-f2f6-442e-a694-11f65479e229"", ""store_id"" : ""35494"", ""chain_id"" : ""1383"", ""queried_latitude"" : 12.97, ""queried_longitude"" : 77.66, ""lat"" : 12.97, ""lng"" : 77.66, ""distance"" : 0, ""duration"" : 0, ""rank"" : 1, ""is_nearby_store"" : false, ""city_id"" : 3, ""city_code"" : ""BR"", ""city_name"" : ""Bengaluru"", ""state_id"" : 16, ""state_name"" : ""Karnataka"", ""serviceable"" : true}",2025-03-13 02:41:59.650573+00,2025-03-13 02:41:59.650573+00,,"12.97,77.67","{""types"":[""street_address""],""geometry"":{""location"":{""lat"":12.9698956,""lng"":77.66998749999999},""viewport"":{""northeast"":{""lat"":12.9712445802915,""lng"":77.6713364802915},""southwest"":{""lat"":12.9685466197085,""lng"":77.66863851970848}},""location_type"":""ROOFTOP""},""place_id"":""ChIJa9OOEOITrjsRF6GzntpPItA"",""plus_code"":{""global_code"":""7J4VXM99+XX"",""compound_code"":""XM99+XX Bengaluru, Karnataka, India""},""formatted_address"":""2, 10th Cross Rd, Jagadish Nagar, Kaggadasapura, Bengaluru, Karnataka 560017, India"",""navigation_points"":[{""location"":{""latitude"":12.9700254,""longitude"":77.6700235},""road_name"":""""}],""address_components"":[{""types"":[""street_number""],""long_name"":""2"",""short_name"":""2""},{""types"":[""route""],""long_name"":""10th Cross Road"",""short_name"":""10th Cross Rd""},{""types"":[""political"",""sublocality"",""sublocality_level_2""],""long_name"":""Jagadish Nagar"",""short_name"":""Jagadish Nagar""},{""types"":[""political"",""sublocality"",""sublocality_level_1""],""long_name"":""Kaggadasapura"",""short_name"":""Kaggadasapura""},{""types"":[""locality"",""political""],""long_name"":""Bengaluru"",""short_name"":""Bengaluru""},{""types"":[""administrative_area_level_3"",""political""],""long_name"":""Bengaluru Urban"",""short_name"":""Bengaluru Urban""},{""types"":[""administrative_area_level_2"",""political""],""long_name"":""Bangalore Division"",""short_name"":""Bangalore Division""},{""types"":[""administrative_area_level_1"",""political""],""long_name"":""Karnataka"",""short_name"":""KA""},{""types"":[""country"",""political""],""long_name"":""India"",""short_name"":""IN""},{""types"":[""postal_code""],""long_name"":""560017"",""short_name"":""560017""}]}",Kaggadasapura,Bangalore,"12.97,77.67"
35556,blinkit,"[{""lat"" : 12.9, ""lon"" : 77.55}, {""lat"" : 12.89, ""lon"" : 77.52}, {""lat"" : 12.89, ""lon"" : 77.54}, {""lat"" : 12.88, ""lon"" : 77.53}, {""lat"" : 12.88, ""lon"" : 77.54}, {""lat"" : 12.9, ""lon"" : 77.54}, {""lat"" : 12.9, ""lon"" : 77.53}, {""lat"" : 12.89, ""lon"" : 77.55}, {""lat"" : 12.91, ""lon"" : 77.54}, {""lat"" : 12.88, ""lon"" : 77.55}, {""lat"" : 12.91, ""lon"" : 77.55}, {""lat"" : 12.9, ""lon"" : 77.52}]","{""id"" : ""d82d6813-5066-4da0-aabd-baeb53c256c7"", ""store_id"" : ""35556"", ""chain_id"" : ""1383"", ""queried_latitude"" : 12.89, ""queried_longitude"" : 77.52, ""lat"" : 12.89, ""lng"" : 77.52, ""distance"" : 0, ""duration"" : 0, ""rank"" : 1, ""is_nearby_store"" : false, ""city_id"" : 3, ""city_code"" : ""BR"", ""city_name"" : ""Bengaluru"", ""state_id"" : 16, ""state_name"" : ""Karnataka"", ""serviceable"" : true}",2025-03-13 02:01:12.787265+00,2025-03-13 02:01:12.787265+00,,"12.89,77.54","{""types"":[""street_address""],""geometry"":{""location"":{""lat"":12.889809,""lng"":77.53998899999999},""viewport"":{""northeast"":{""lat"":12.8911579802915,""lng"":77.5413379802915},""southwest"":{""lat"":12.8884600197085,""lng"":77.53864001970848}},""location_type"":""ROOFTOP""},""place_id"":""ChIJrxmVuOw_rjsRccAylQHw1W0"",""plus_code"":{""global_code"":""7J4VVGQQ+WX"",""compound_code"":""VGQQ+WX Bengaluru, Karnataka, India""},""formatted_address"":""270, Stage 2, Jayanagar housing society layout, Subramanyapura, Bengaluru, Karnataka 560061, India"",""navigation_points"":[{""location"":{""latitude"":12.8898502,""longitude"":77.5400056},""road_name"":""""}],""address_components"":[{""types"":[""premise""],""long_name"":""270"",""short_name"":""270""},{""types"":[""political"",""sublocality"",""sublocality_level_3""],""long_name"":""Stage 2"",""short_name"":""Stage 2""},{""types"":[""political"",""sublocality"",""sublocality_level_2""],""long_name"":""Jayanagar housing society layout"",""short_name"":""Jayanagar housing society layout""},{""types"":[""political"",""sublocality"",""sublocality_level_1""],""long_name"":""Subramanyapura"",""short_name"":""Subramanyapura""},{""types"":[""locality"",""political""],""long_name"":""Bengaluru"",""short_name"":""Bengaluru""},{""types"":[""administrative_area_level_3"",""political""],""long_name"":""Bengaluru Urban"",""short_name"":""Bengaluru Urban""},{""types"":[""administrative_area_level_2"",""political""],""long_name"":""Bangalore Division"",""short_name"":""Bangalore Division""},{""types"":[""administrative_area_level_1"",""political""],""long_name"":""Karnataka"",""short_name"":""KA""},{""types"":[""country"",""political""],""long_name"":""India"",""short_name"":""IN""},{""types"":[""postal_code""],""long_name"":""560061"",""short_name"":""560061""}]}",Subramanyapura,Bangalore,"12.89,77.54"
35558,blinkit,"[{""lat"" : 12.96, ""lon"" : 77.71}]","{""id"" : ""05e8cd4d-0adc-4db8-a623-036b89ed65a4"", ""store_id"" : ""35558"", ""chain_id"" : ""1383"", ""queried_latitude"" : 12.96, ""queried_longitude"" : 77.71, ""lat"" : 12.96, ""lng"" : 77.71, ""distance"" : 0, ""duration"" : 0, ""rank"" : 1, ""is_nearby_store"" : false, ""city_id"" : 3, ""city_code"" : ""BR"", ""city_name"" : ""Bengaluru"", ""state_id"" : 16, ""state_name"" : ""Karnataka"", ""serviceable"" : true}",2025-03-13 07:35:51.41558+00,2025-03-13 07:35:51.41558+00,,"12.96,77.71","{""types"":[""street_address""],""geometry"":{""location"":{""lat"":12.9599909,""lng"":77.7100049},""viewport"":{""northeast"":{""lat"":12.9613398802915,""lng"":77.7113538802915},""southwest"":{""lat"":12.9586419197085,""lng"":77.70865591970849}},""location_type"":""ROOFTOP""},""place_id"":""ChIJO1N0vn8TrjsRWugYQBzBWFY"",""plus_code"":{""global_code"":""7J4VXP56+X2"",""compound_code"":""XP56+X2 Bengaluru, Karnataka, India""},""formatted_address"":""37/1-2-3, 6th Main Rd, Lakshminarayana Pura, AECS Layout, Marathahalli, Bengaluru, Karnataka 560037, India"",""navigation_points"":[{""location"":{""latitude"":12.9600434,""longitude"":77.7099427},""road_name"":"""",""restricted_travel_modes"":[""WALK""]},{""location"":{""latitude"":12.9600512,""longitude"":77.7098708},""road_name"":"""",""restricted_travel_modes"":[""DRIVE""]}],""address_components"":[{""types"":[""street_number""],""long_name"":""37/1-2-3"",""short_name"":""37/1-2-3""},{""types"":[""route""],""long_name"":""6th Main Road"",""short_name"":""6th Main Rd""},{""types"":[""political"",""sublocality"",""sublocality_level_3""],""long_name"":""Lakshminarayana Pura"",""short_name"":""Lakshminarayana Pura""},{""types"":[""political"",""sublocality"",""sublocality_level_2""],""long_name"":""AECS Layout"",""short_name"":""AECS Layout""},{""types"":[""political"",""sublocality"",""sublocality_level_1""],""long_name"":""Marathahalli"",""short_name"":""Marathahalli""},{""types"":[""locality"",""political""],""long_name"":""Bengaluru"",""short_name"":""Bengaluru""},{""types"":[""administrative_area_level_3"",""political""],""long_name"":""Bengaluru Urban"",""short_name"":""Bengaluru Urban""},{""types"":[""administrative_area_level_2"",""political""],""long_name"":""Bangalore Division"",""short_name"":""Bangalore Division""},{""types"":[""administrative_area_level_1"",""political""],""long_name"":""Karnataka"",""short_name"":""KA""},{""types"":[""country"",""political""],""long_name"":""India"",""short_name"":""IN""},{""types"":[""postal_code""],""long_name"":""560037"",""short_name"":""560037""}]}",Marathahalli,Bangalore,"12.96,77.71"
35570,blinkit,"[{""lat"" : 12.96, ""lon"" : 77.73}, {""lat"" : 12.96, ""lon"" : 77.72}, {""lat"" : 12.96, ""lon"" : 77.74}, {""lat"" : 12.95, ""lon"" : 77.73}]","{""id"" : ""21cd014b-a2be-4159-be94-bd7f2b39a8cd"", ""store_id"" : ""35570"", ""chain_id"" : ""1383"", ""queried_latitude"" : 12.96, ""queried_longitude"" : 77.72, ""lat"" : 12.96, ""lng"" : 77.72, ""distance"" : 0, ""duration"" : 0, ""rank"" : 1, ""is_nearby_store"" : false, ""city_id"" : 3, ""city_code"" : ""BR"", ""city_name"" : ""Bengaluru"", ""state_id"" : 16, ""state_name"" : ""Karnataka"", ""serviceable"" : true}",2025-03-13 07:36:24.71406+00,2025-03-13 07:36:24.71406+00,,"12.96,77.73","{""types"":[""street_address""],""geometry"":{""location"":{""lat"":12.960086,""lng"":77.730294},""viewport"":{""northeast"":{""lat"":12.9614349802915,""lng"":77.73164298029151},""southwest"":{""lat"":12.9587370197085,""lng"":77.7289450197085}},""location_type"":""ROOFTOP""},""place_id"":""ChIJhe7h-hASrjsRYcBDHCWJKAQ"",""plus_code"":{""global_code"":""7J4VXP6J+24"",""compound_code"":""XP6J+24 Bengaluru, Karnataka, India""},""formatted_address"":""Chaitanya La Grove, 577/443, Brookefield, Bengaluru, Karnataka 560066, India"",""navigation_points"":[{""location"":{""latitude"":12.9600929,""longitude"":77.7301762},""road_name"":""""}],""address_components"":[{""types"":[""premise""],""long_name"":""Chaitanya La Grove"",""short_name"":""Chaitanya La Grove""},{""types"":[""premise""],""long_name"":""577/443"",""short_name"":""577/443""},{""types"":[""political"",""sublocality"",""sublocality_level_1""],""long_name"":""Brookefield"",""short_name"":""Brookefield""},{""types"":[""locality"",""political""],""long_name"":""Bengaluru"",""short_name"":""Bengaluru""},{""types"":[""administrative_area_level_3"",""political""],""long_name"":""Bengaluru Urban"",""short_name"":""Bengaluru Urban""},{""types"":[""administrative_area_level_2"",""political""],""long_name"":""Bangalore Division"",""short_name"":""Bangalore Division""},{""types"":[""administrative_area_level_1"",""political""],""long_name"":""Karnataka"",""short_name"":""KA""},{""types"":[""country"",""political""],""long_name"":""India"",""short_name"":""IN""},{""types"":[""postal_code""],""long_name"":""560066"",""short_name"":""560066""}]}",Brookefield,Bangalore,"12.96,77.73"
35578,blinkit,"[{""lat"" : 12.95, ""lon"" : 77.7}]","{""id"" : ""076816a3-2173-4a1e-ae45-cd7a01f53832"", ""store_id"" : ""35578"", ""chain_id"" : ""1383"", ""queried_latitude"" : 12.95, ""queried_longitude"" : 77.7, ""lat"" : 12.95, ""lng"" : 77.7, ""distance"" : 0, ""duration"" : 0, ""rank"" : 1, ""is_nearby_store"" : false, ""city_id"" : 3, ""city_code"" : ""BR"", ""city_name"" : ""Bengaluru"", ""state_id"" : 16, ""state_name"" : ""Karnataka"", ""serviceable"" : true}",2025-03-13 02:44:54.194011+00,2025-03-13 02:44:54.194011+00,,"12.95,77.7","{""types"":[""street_address"",""subpremise""],""geometry"":{""location"":{""lat"":12.9500209,""lng"":77.6999705},""viewport"":{""northeast"":{""lat"":12.9513698802915,""lng"":77.70131948029152},""southwest"":{""lat"":12.9486719197085,""lng"":77.69862151970851}},""location_type"":""ROOFTOP""},""place_id"":""ChIJLxDXUDUSrjsRXasJsHfmByo"",""formatted_address"":""5, SGR Dental College Rd, Sri Balaji Layout, Marathahalli, Bengaluru, Karnataka 560037, India"",""navigation_points"":[{""location"":{""latitude"":12.9501148,""longitude"":77.6999923},""road_name"":""""}],""address_components"":[{""types"":[""street_number""],""long_name"":""5"",""short_name"":""5""},{""types"":[""route""],""long_name"":""SGR Dental College Road"",""short_name"":""SGR Dental College Rd""},{""types"":[""neighborhood"",""political""],""long_name"":""Sri Balaji Layout"",""short_name"":""Sri Balaji Layout""},{""types"":[""political"",""sublocality"",""sublocality_level_1""],""long_name"":""Marathahalli"",""short_name"":""Marathahalli""},{""types"":[""locality"",""political""],""long_name"":""Bengaluru"",""short_name"":""Bengaluru""},{""types"":[""administrative_area_level_3"",""political""],""long_name"":""Bengaluru Urban"",""short_name"":""Bengaluru Urban""},{""types"":[""administrative_area_level_2"",""political""],""long_name"":""Bangalore Division"",""short_name"":""Bangalore Division""},{""types"":[""administrative_area_level_1"",""political""],""long_name"":""Karnataka"",""short_name"":""KA""},{""types"":[""country"",""political""],""long_name"":""India"",""short_name"":""IN""},{""types"":[""postal_code""],""long_name"":""560037"",""short_name"":""560037""}]}",Marathahalli,Bangalore,"12.95,77.70"
35680,blinkit,"[{""lat"" : 13.02, ""lon"" : 77.76}, {""lat"" : 13, ""lon"" : 77.77}, {""lat"" : 13, ""lon"" : 77.76}, {""lat"" : 13.01, ""lon"" : 77.77}, {""lat"" : 13.01, ""lon"" : 77.76}]","{""id"" : ""680c92cc-63ff-449c-9bde-a25129c080a5"", ""store_id"" : ""35680"", ""chain_id"" : ""1383"", ""queried_latitude"" : 13, ""queried_longitude"" : 77.76, ""lat"" : 13, ""lng"" : 77.76, ""distance"" : 0, ""duration"" : 0, ""rank"" : 1, ""is_nearby_store"" : false, ""city_id"" : 3, ""city_code"" : ""BR"", ""city_name"" : ""Bengaluru"", ""state_id"" : 16, ""state_name"" : ""Karnataka"", ""serviceable"" : true}",2025-03-13 07:38:22.117929+00,2025-03-13 07:38:22.117929+00,,"13.01,77.76","{""types"":[""street_address""],""geometry"":{""location"":{""lat"":13.010127,""lng"":77.759569},""viewport"":{""northeast"":{""lat"":13.0114759802915,""lng"":77.76091798029151},""southwest"":{""lat"":13.0087780197085,""lng"":77.75822001970849}},""location_type"":""ROOFTOP""},""place_id"":""ChIJ1XcRijAOrjsReETyOyq8dAM"",""plus_code"":{""global_code"":""7J5V2Q65+3R"",""compound_code"":""2Q65+3R Bengaluru, Karnataka, India""},""formatted_address"":""Shri Byraweshwara Complex, 6/7, Chaitanya Ananya, Seegehalli, Krishnarajapuram, Bengaluru, Karnataka 560036, India"",""navigation_points"":[{""location"":{""latitude"":13.0101867,""longitude"":77.759455},""road_name"":""""}],""address_components"":[{""types"":[""premise""],""long_name"":""Shri Byraweshwara Complex"",""short_name"":""Shri Byraweshwara Complex""},{""types"":[""premise""],""long_name"":""6/7"",""short_name"":""6/7""},{""types"":[""political"",""sublocality"",""sublocality_level_3""],""long_name"":""Chaitanya Ananya"",""short_name"":""Chaitanya Ananya""},{""types"":[""political"",""sublocality"",""sublocality_level_2""],""long_name"":""Seegehalli"",""short_name"":""Seegehalli""},{""types"":[""political"",""sublocality"",""sublocality_level_1""],""long_name"":""Krishnarajapuram"",""short_name"":""K R Puram""},{""types"":[""locality"",""political""],""long_name"":""Bengaluru"",""short_name"":""Bengaluru""},{""types"":[""administrative_area_level_3"",""political""],""long_name"":""Bengaluru Urban"",""short_name"":""Bengaluru Urban""},{""types"":[""administrative_area_level_2"",""political""],""long_name"":""Bangalore Division"",""short_name"":""Bangalore Division""},{""types"":[""administrative_area_level_1"",""political""],""long_name"":""Karnataka"",""short_name"":""KA""},{""types"":[""country"",""political""],""long_name"":""India"",""short_name"":""IN""},{""types"":[""postal_code""],""long_name"":""560036"",""short_name"":""560036""}]}",Krishnarajapuram,Bangalore,"13.01,77.76"
35704,blinkit,"[{""lat"" : 13.13, ""lon"" : 77.57}, {""lat"" : 13.12, ""lon"" : 77.57}, {""lat"" : 13.16, ""lon"" : 77.56}, {""lat"" : 13.15, ""lon"" : 77.54}, {""lat"" : 13.1, ""lon"" : 77.59}, {""lat"" : 13.11, ""lon"" : 77.58}, {""lat"" : 13.15, ""lon"" : 77.58}, {""lat"" : 13.12, ""lon"" : 77.56}, {""lat"" : 13.1, ""lon"" : 77.57}, {""lat"" : 13.11, ""lon"" : 77.57}, {""lat"" : 13.11, ""lon"" : 77.56}, {""lat"" : 13.17, ""lon"" : 77.55}, {""lat"" : 13.09, ""lon"" : 77.59}, {""lat"" : 13.15, ""lon"" : 77.55}, {""lat"" : 13.16, ""lon"" : 77.57}, {""lat"" : 13.16, ""lon"" : 77.55}, {""lat"" : 13.16, ""lon"" : 77.58}, {""lat"" : 13.12, ""lon"" : 77.58}, {""lat"" : 13.15, ""lon"" : 77.56}, {""lat"" : 13.18, ""lon"" : 77.56}, {""lat"" : 13.14, ""lon"" : 77.57}, {""lat"" : 13.14, ""lon"" : 77.56}, {""lat"" : 13.15, ""lon"" : 77.57}, {""lat"" : 13.1, ""lon"" : 77.58}, {""lat"" : 13.17, ""lon"" : 77.56}, {""lat"" : 13.13, ""lon"" : 77.58}, {""lat"" : 13.14, ""lon"" : 77.55}]","{""id"" : ""1200b2c8-ac20-47e0-b3c6-c7e19b139195"", ""store_id"" : ""35704"", ""chain_id"" : ""1383"", ""queried_latitude"" : 13.15, ""queried_longitude"" : 77.54, ""lat"" : 13.15, ""lng"" : 77.54, ""distance"" : 0, ""duration"" : 0, ""rank"" : 1, ""is_nearby_store"" : false, ""city_id"" : 3, ""city_code"" : ""BR"", ""city_name"" : ""Bengaluru"", ""state_id"" : 16, ""state_name"" : ""Karnataka"", ""serviceable"" : true}",2025-03-13 02:10:08.483784+00,2025-03-13 02:10:08.483784+00,,"13.14,77.57","{""types"":[""establishment"",""point_of_interest""],""geometry"":{""location"":{""lat"":13.1400055,""lng"":77.5698676},""viewport"":{""northeast"":{""lat"":13.1413544802915,""lng"":77.57121658029149},""southwest"":{""lat"":13.1386565197085,""lng"":77.56851861970848}},""location_type"":""ROOFTOP""},""place_id"":""ChIJvW2vFgAZrjsRyzVof2A4HNU"",""plus_code"":{""global_code"":""7J5V4HR9+2W"",""compound_code"":""4HR9+2W Muddanahalli, Karnataka, India""},""formatted_address"":""Tower-1, PRESTIGE ROYALE GARDENS, Muddanahalli, Bengaluru, Karnataka 560064, India"",""navigation_points"":[{""location"":{""latitude"":13.1400088,""longitude"":77.5697807},""road_name"":""""}],""address_components"":[{""types"":[""premise""],""long_name"":""Tower-1"",""short_name"":""Tower-1""},{""types"":[""premise""],""long_name"":""PRESTIGE ROYALE GARDENS"",""short_name"":""PRESTIGE ROYALE GARDENS""},{""types"":[""locality"",""political""],""long_name"":""Bengaluru"",""short_name"":""Bengaluru""},{""types"":[""locality"",""political""],""long_name"":""Muddanahalli"",""short_name"":""Muddanahalli""},{""types"":[""administrative_area_level_3"",""political""],""long_name"":""Bengaluru Urban"",""short_name"":""Bengaluru Urban""},{""types"":[""administrative_area_level_2"",""political""],""long_name"":""Bangalore Division"",""short_name"":""Bangalore Division""},{""types"":[""administrative_area_level_1"",""political""],""long_name"":""Karnataka"",""short_name"":""KA""},{""types"":[""country"",""political""],""long_name"":""India"",""short_name"":""IN""},{""types"":[""postal_code""],""long_name"":""560064"",""short_name"":""560064""}]}",Muddanahalli,Bangalore,"13.14,77.57"
35894,blinkit,"[{""lat"" : 13.11, ""lon"" : 77.6}, {""lat"" : 13.09, ""lon"" : 77.6}, {""lat"" : 13.1, ""lon"" : 77.6}, {""lat"" : 13.1, ""lon"" : 77.61}, {""lat"" : 13.09, ""lon"" : 77.61}, {""lat"" : 13.08, ""lon"" : 77.61}]","{""id"" : ""9d25e4d2-3496-4718-b210-83abc229c9d2"", ""store_id"" : ""35894"", ""chain_id"" : ""1383"", ""queried_latitude"" : 13.09, ""queried_longitude"" : 77.6, ""lat"" : 13.09, ""lng"" : 77.6, ""distance"" : 0, ""duration"" : 0, ""rank"" : 1, ""is_nearby_store"" : false, ""city_id"" : 3, ""city_code"" : ""BR"", ""city_name"" : ""Bengaluru"", ""state_id"" : 16, ""state_name"" : ""Karnataka"", ""serviceable"" : true}",2025-03-13 02:29:39.301363+00,2025-03-13 02:29:39.301363+00,,"13.09,77.61","{""types"":[""establishment"",""point_of_interest""],""geometry"":{""location"":{""lat"":13.089147,""lng"":77.610638},""viewport"":{""northeast"":{""lat"":13.0904959802915,""lng"":77.6119869802915},""southwest"":{""lat"":13.0877980197085,""lng"":77.6092890197085}},""location_type"":""ROOFTOP""},""place_id"":""ChIJJ2KmE8gZrjsRsAtk_M84hgo"",""formatted_address"":""3JQ6+M7, Agrahara, Bengaluru, Karnataka 560064, India"",""navigation_points"":[{""location"":{""latitude"":13.0893281,""longitude"":77.6108746},""road_name"":"""",""restricted_travel_modes"":[""DRIVE""]},{""location"":{""latitude"":13.0895499,""longitude"":77.6120523},""road_name"":"""",""restricted_travel_modes"":[""WALK""]}],""address_components"":[{""types"":[""plus_code""],""long_name"":""3JQ6+M7"",""short_name"":""3JQ6+M7""},{""types"":[""political"",""sublocality"",""sublocality_level_1""],""long_name"":""Agrahara"",""short_name"":""Agrahara""},{""types"":[""locality"",""political""],""long_name"":""Bengaluru"",""short_name"":""Bengaluru""},{""types"":[""administrative_area_level_3"",""political""],""long_name"":""Bengaluru Urban"",""short_name"":""Bengaluru Urban""},{""types"":[""administrative_area_level_2"",""political""],""long_name"":""Bangalore Division"",""short_name"":""Bangalore Division""},{""types"":[""administrative_area_level_1"",""political""],""long_name"":""Karnataka"",""short_name"":""KA""},{""types"":[""country"",""political""],""long_name"":""India"",""short_name"":""IN""},{""types"":[""postal_code""],""long_name"":""560064"",""short_name"":""560064""}]}",Agrahara,Bangalore,"13.09,77.61"
36010,blinkit,"[{""lat"" : 13.05, ""lon"" : 77.53}, {""lat"" : 13.05, ""lon"" : 77.54}, {""lat"" : 13.03, ""lon"" : 77.55}, {""lat"" : 13.02, ""lon"" : 77.56}, {""lat"" : 13.04, ""lon"" : 77.55}]","{""id"" : ""d0c70ce0-7972-4e4b-aa30-2cd3524a59b1"", ""store_id"" : ""36010"", ""chain_id"" : ""1383"", ""queried_latitude"" : 13.05, ""queried_longitude"" : 77.53, ""lat"" : 13.05, ""lng"" : 77.53, ""distance"" : 0, ""duration"" : 0, ""rank"" : 1, ""is_nearby_store"" : false, ""city_id"" : 3, ""city_code"" : ""BR"", ""city_name"" : ""Bengaluru"", ""state_id"" : 16, ""state_name"" : ""Karnataka"", ""serviceable"" : true}",2025-03-13 02:09:27.798588+00,2025-03-13 02:09:27.798588+00,,"13.04,77.55","{""types"":[""street_address""],""geometry"":{""location"":{""lat"":13.04015,""lng"":77.5500969},""viewport"":{""northeast"":{""lat"":13.0414989802915,""lng"":77.55144588029151},""southwest"":{""lat"":13.0388010197085,""lng"":77.5487479197085}},""location_type"":""ROOFTOP""},""place_id"":""ChIJF1h7yUQ9rjsR8HOgF02pfb0"",""plus_code"":{""global_code"":""7J5V2HR2+32"",""compound_code"":""2HR2+32 Bengaluru, Karnataka, India""},""formatted_address"":""5-7, 4th Main Rd, Muthyala Nagar, Gokula Extension, Mathikere, Bengaluru, Karnataka 560054, India"",""navigation_points"":[{""location"":{""latitude"":13.0401479,""longitude"":77.5500996},""road_name"":""""}],""address_components"":[{""types"":[""premise""],""long_name"":""5-7"",""short_name"":""5-7""},{""types"":[""route""],""long_name"":""4th Main Road"",""short_name"":""4th Main Rd""},{""types"":[""political"",""sublocality"",""sublocality_level_3""],""long_name"":""Muthyala Nagar"",""short_name"":""Muthyala Nagar""},{""types"":[""political"",""sublocality"",""sublocality_level_2""],""long_name"":""Gokula Extension"",""short_name"":""Gokula Extension""},{""types"":[""political"",""sublocality"",""sublocality_level_1""],""long_name"":""Mathikere"",""short_name"":""Mathikere""},{""types"":[""locality"",""political""],""long_name"":""Bengaluru"",""short_name"":""Bengaluru""},{""types"":[""administrative_area_level_3"",""political""],""long_name"":""Bengaluru Urban"",""short_name"":""Bengaluru Urban""},{""types"":[""administrative_area_level_2"",""political""],""long_name"":""Bangalore Division"",""short_name"":""Bangalore Division""},{""types"":[""administrative_area_level_1"",""political""],""long_name"":""Karnataka"",""short_name"":""KA""},{""types"":[""country"",""political""],""long_name"":""India"",""short_name"":""IN""},{""types"":[""postal_code""],""long_name"":""560054"",""short_name"":""560054""}]}",Mathikere,Bangalore,"13.04,77.55"
