id,platform,address,locality,city,centroid
36818,blinkit,"{""types"":[""street_address""],""geometry"":{""location"":{""lat"":12.859074,""lng"":77.6503046},""viewport"":{""northeast"":{""lat"":12.8604229802915,""lng"":77.65165358029151},""southwest"":{""lat"":12.8577250197085,""lng"":77.64895561970849}},""location_type"":""ROOFTOP""},""place_id"":""ChIJN9ITKRFrrjsRGNkM6h7TkEA"",""plus_code"":{""global_code"":""7J4VVM52+J4"",""compound_code"":""VM52+J4 Bengaluru, Karnataka, India""},""formatted_address"":""38, Chikkathoguru, Bengaluru, Karnataka 560100, India"",""navigation_points"":[{""location"":{""latitude"":12.8591036,""longitude"":77.6502141},""road_name"":""""}],""address_components"":[{""types"":[""premise""],""long_name"":""38"",""short_name"":""38""},{""types"":[""political"",""sublocality"",""sublocality_level_1""],""long_name"":""Chikkathoguru"",""short_name"":""Chikkathoguru""},{""types"":[""locality"",""political""],""long_name"":""Bengaluru"",""short_name"":""Bengaluru""},{""types"":[""administrative_area_level_3"",""political""],""long_name"":""Bengaluru Urban"",""short_name"":""Bengaluru Urban""},{""types"":[""administrative_area_level_2"",""political""],""long_name"":""Bangalore Division"",""short_name"":""Bangalore Division""},{""types"":[""administrative_area_level_1"",""political""],""long_name"":""Karnataka"",""short_name"":""KA""},{""types"":[""country"",""political""],""long_name"":""India"",""short_name"":""IN""},{""types"":[""postal_code""],""long_name"":""560100"",""short_name"":""560100""}]}",Chikkathoguru,Bangalore,"12.86,77.65"
37170,blinkit,"{""types"":[""street_address""],""geometry"":{""location"":{""lat"":12.949935,""lng"":77.490011},""viewport"":{""northeast"":{""lat"":12.9512839802915,""lng"":77.4913599802915},""southwest"":{""lat"":12.9485860197085,""lng"":77.48866201970849}},""location_type"":""ROOFTOP""},""place_id"":""ChIJb5MM2bw-rjsRzwHD_Deko7c"",""formatted_address"":""WFXR+X2C, 149, Annapurneshwari Layout, Jnananjyothinagar, Railway Layout, Jnana Ganga Nagar, Bengaluru, Karnataka 560056, India"",""navigation_points"":[{""location"":{""latitude"":12.9499316,""longitude"":77.4900306},""road_name"":""""}],""address_components"":[{""types"":[""plus_code""],""long_name"":""WFXR+X2C"",""short_name"":""WFXR+X2C""},{""types"":[""premise""],""long_name"":""149"",""short_name"":""149""},{""types"":[""neighborhood"",""political""],""long_name"":""Annapurneshwari Layout"",""short_name"":""Annapurneshwari Layout""},{""types"":[""political"",""sublocality"",""sublocality_level_3""],""long_name"":""Jnananjyothinagar"",""short_name"":""Jnananjyothinagar""},{""types"":[""political"",""sublocality"",""sublocality_level_2""],""long_name"":""Railway Layout"",""short_name"":""Railway Layout""},{""types"":[""political"",""sublocality"",""sublocality_level_1""],""long_name"":""Jnana Ganga Nagar"",""short_name"":""Jnana Ganga Nagar""},{""types"":[""locality"",""political""],""long_name"":""Bengaluru"",""short_name"":""Bengaluru""},{""types"":[""administrative_area_level_3"",""political""],""long_name"":""Bengaluru Urban"",""short_name"":""Bengaluru Urban""},{""types"":[""administrative_area_level_2"",""political""],""long_name"":""Bangalore Division"",""short_name"":""Bangalore Division""},{""types"":[""administrative_area_level_1"",""political""],""long_name"":""Karnataka"",""short_name"":""KA""},{""types"":[""country"",""political""],""long_name"":""India"",""short_name"":""IN""},{""types"":[""postal_code""],""long_name"":""560056"",""short_name"":""560056""}]}",Bengaluru,Bangalore,"12.95,77.49"
37330,blinkit,"{""types"":[""premise"",""street_address""],""geometry"":{""bounds"":{""northeast"":{""lat"":12.8901201,""lng"":77.58016359999999},""southwest"":{""lat"":12.8899745,""lng"":77.5800471}},""location"":{""lat"":12.8900462,""lng"":77.5801063},""viewport"":{""northeast"":{""lat"":12.8913962802915,""lng"":77.5814543302915},""southwest"":{""lat"":12.8886983197085,""lng"":77.57875636970849}},""location_type"":""ROOFTOP""},""place_id"":""ChIJy0C0Y0YVrjsRn83-6yXe4ow"",""formatted_address"":""403, 5th Main Rd, Nagarabavi, RBI Layout, JP Nagar 7th Phase, J. P. Nagar, Bengaluru, Karnataka 560078, India"",""navigation_points"":[{""location"":{""latitude"":12.8900357,""longitude"":77.5800647},""road_name"":""""},{""location"":{""latitude"":12.890133,""longitude"":77.5800791},""road_name"":""""}],""address_components"":[{""types"":[""street_number""],""long_name"":""403"",""short_name"":""403""},{""types"":[""route""],""long_name"":""5th Main Road"",""short_name"":""5th Main Rd""},{""types"":[""neighborhood"",""political""],""long_name"":""Nagarabavi"",""short_name"":""Nagarabavi""},{""types"":[""political"",""sublocality"",""sublocality_level_3""],""long_name"":""RBI Layout"",""short_name"":""RBI Layout""},{""types"":[""political"",""sublocality"",""sublocality_level_2""],""long_name"":""JP Nagar 7th Phase"",""short_name"":""JP Nagar 7th Phase""},{""types"":[""political"",""sublocality"",""sublocality_level_1""],""long_name"":""J. P. Nagar"",""short_name"":""J. P. Nagar""},{""types"":[""locality"",""political""],""long_name"":""Bengaluru"",""short_name"":""Bengaluru""},{""types"":[""administrative_area_level_3"",""political""],""long_name"":""Bengaluru Urban"",""short_name"":""Bengaluru Urban""},{""types"":[""administrative_area_level_2"",""political""],""long_name"":""Bangalore Division"",""short_name"":""Bangalore Division""},{""types"":[""administrative_area_level_1"",""political""],""long_name"":""Karnataka"",""short_name"":""KA""},{""types"":[""country"",""political""],""long_name"":""India"",""short_name"":""IN""},{""types"":[""postal_code""],""long_name"":""560078"",""short_name"":""560078""}]}",JP Nagar 7th Phase,Bangalore,"12.89,77.58"
37332,blinkit,"{""types"":[""premise"",""street_address""],""geometry"":{""bounds"":{""northeast"":{""lat"":12.8500406,""lng"":77.62041850000001},""southwest"":{""lat"":12.849983,""lng"":77.62026039999999}},""location"":{""lat"":12.8500022,""lng"":77.62033009999999},""viewport"":{""northeast"":{""lat"":12.8513607802915,""lng"":77.62168843029151},""southwest"":{""lat"":12.8486628197085,""lng"":77.6189904697085}},""location_type"":""ROOFTOP""},""place_id"":""ChIJ-b2GSxdrrjsR3gCohp_wRSQ"",""formatted_address"":""VJ2C+257, Mylasandra Rd, Mylasandra, Bengaluru, Karnataka 560100, India"",""navigation_points"":[{""location"":{""latitude"":12.8500256,""longitude"":77.6204821},""road_name"":""""}],""address_components"":[{""types"":[""plus_code""],""long_name"":""VJ2C+257"",""short_name"":""VJ2C+257""},{""types"":[""route""],""long_name"":""Mylasandra Road"",""short_name"":""Mylasandra Rd""},{""types"":[""political"",""sublocality"",""sublocality_level_1""],""long_name"":""Mylasandra"",""short_name"":""Mylasandra""},{""types"":[""locality"",""political""],""long_name"":""Bengaluru"",""short_name"":""Bengaluru""},{""types"":[""administrative_area_level_3"",""political""],""long_name"":""Bengaluru Urban"",""short_name"":""Bengaluru Urban""},{""types"":[""administrative_area_level_2"",""political""],""long_name"":""Bangalore Division"",""short_name"":""Bangalore Division""},{""types"":[""administrative_area_level_1"",""political""],""long_name"":""Karnataka"",""short_name"":""KA""},{""types"":[""country"",""political""],""long_name"":""India"",""short_name"":""IN""},{""types"":[""postal_code""],""long_name"":""560100"",""short_name"":""560100""}]}",Mylasandra,Bangalore,"12.85,77.62"
37414,blinkit,"{""types"":[""street_address""],""geometry"":{""location"":{""lat"":13.081171,""lng"":77.53049399999999},""viewport"":{""northeast"":{""lat"":13.0825199802915,""lng"":77.5318429802915},""southwest"":{""lat"":13.0798220197085,""lng"":77.5291450197085}},""location_type"":""ROOFTOP""},""place_id"":""ChIJW6M3HukirjsRryT7pUHef-M"",""plus_code"":{""global_code"":""7J5V3GJJ+F5"",""compound_code"":""3GJJ+F5 Bengaluru, Karnataka, India""},""formatted_address"":""127, Abbigere Industrial Rd, Balaji Avenue, Singapura, Bengaluru, Karnataka 560097, India"",""navigation_points"":[{""location"":{""latitude"":13.0811647,""longitude"":77.5304667},""road_name"":""""}],""address_components"":[{""types"":[""street_number""],""long_name"":""127"",""short_name"":""127""},{""types"":[""route""],""long_name"":""Abbigere Industrial Road"",""short_name"":""Abbigere Industrial Rd""},{""types"":[""political"",""sublocality"",""sublocality_level_2""],""long_name"":""Balaji Avenue"",""short_name"":""Balaji Avenue""},{""types"":[""political"",""sublocality"",""sublocality_level_1""],""long_name"":""Singapura"",""short_name"":""Singapura""},{""types"":[""locality"",""political""],""long_name"":""Bengaluru"",""short_name"":""Bengaluru""},{""types"":[""administrative_area_level_3"",""political""],""long_name"":""Bengaluru Urban"",""short_name"":""Bengaluru Urban""},{""types"":[""administrative_area_level_2"",""political""],""long_name"":""Bangalore Division"",""short_name"":""Bangalore Division""},{""types"":[""administrative_area_level_1"",""political""],""long_name"":""Karnataka"",""short_name"":""KA""},{""types"":[""country"",""political""],""long_name"":""India"",""short_name"":""IN""},{""types"":[""postal_code""],""long_name"":""560097"",""short_name"":""560097""}]}",Singapura,Bangalore,"13.08,77.53"
37424,blinkit,"{""types"":[""premise"",""street_address""],""geometry"":{""bounds"":{""northeast"":{""lat"":13.0897557,""lng"":77.4901175},""southwest"":{""lat"":13.0896301,""lng"":77.4899381}},""location"":{""lat"":13.0896921,""lng"":77.4900254},""viewport"":{""northeast"":{""lat"":13.0910418802915,""lng"":77.4913767802915},""southwest"":{""lat"":13.0883439197085,""lng"":77.4886788197085}},""location_type"":""ROOFTOP""},""place_id"":""ChIJO9FlqXMjrjsR4PlaOx1zieg"",""formatted_address"":""9, Bengaluru, Karnataka 560107, India"",""navigation_points"":[{""location"":{""latitude"":13.0896721,""longitude"":77.4900198},""road_name"":""""}],""address_components"":[{""types"":[""premise""],""long_name"":""9"",""short_name"":""9""},{""types"":[""locality"",""political""],""long_name"":""Bengaluru"",""short_name"":""Bengaluru""},{""types"":[""administrative_area_level_3"",""political""],""long_name"":""Bengaluru Urban"",""short_name"":""Bengaluru Urban""},{""types"":[""administrative_area_level_2"",""political""],""long_name"":""Bangalore Division"",""short_name"":""Bangalore Division""},{""types"":[""administrative_area_level_1"",""political""],""long_name"":""Karnataka"",""short_name"":""KA""},{""types"":[""country"",""political""],""long_name"":""India"",""short_name"":""IN""},{""types"":[""postal_code""],""long_name"":""560107"",""short_name"":""560107""}]}",Bengaluru,Bangalore,"13.09,77.49"
37430,blinkit,"{""types"":[""premise"",""street_address""],""geometry"":{""bounds"":{""northeast"":{""lat"":13.1000392,""lng"":77.6301325},""southwest"":{""lat"":13.0999212,""lng"":77.6300121}},""location"":{""lat"":13.0999767,""lng"":77.6300641},""viewport"":{""northeast"":{""lat"":13.1013291802915,""lng"":77.6314212802915},""southwest"":{""lat"":13.0986312197085,""lng"":77.6287233197085}},""location_type"":""ROOFTOP""},""place_id"":""ChIJ7W_n5aEZrjsRXCVpQgpI5Nc"",""formatted_address"":""4J2J+223, 3rd Cross Rd, Markandhaiha Nagar, Agrahara Badavane, Bengaluru, Bellahalli, Karnataka 560064, India"",""navigation_points"":[{""location"":{""latitude"":13.1000084,""longitude"":77.6300785},""road_name"":""""}],""address_components"":[{""types"":[""plus_code""],""long_name"":""4J2J+223"",""short_name"":""4J2J+223""},{""types"":[""route""],""long_name"":""3rd Cross Road"",""short_name"":""3rd Cross Rd""},{""types"":[""neighborhood"",""political""],""long_name"":""Markandhaiha Nagar"",""short_name"":""Markandhaiha Nagar""},{""types"":[""political"",""sublocality"",""sublocality_level_1""],""long_name"":""Agrahara Badavane"",""short_name"":""Agrahara Badavane""},{""types"":[""locality"",""political""],""long_name"":""Bengaluru"",""short_name"":""Bengaluru""},{""types"":[""administrative_area_level_3"",""political""],""long_name"":""Bengaluru Urban"",""short_name"":""Bengaluru Urban""},{""types"":[""administrative_area_level_2"",""political""],""long_name"":""Bangalore Division"",""short_name"":""Bangalore Division""},{""types"":[""administrative_area_level_1"",""political""],""long_name"":""Karnataka"",""short_name"":""KA""},{""types"":[""country"",""political""],""long_name"":""India"",""short_name"":""IN""},{""types"":[""postal_code""],""long_name"":""560064"",""short_name"":""560064""}]}",Agrahara Badavane,Bangalore,"13.1,77.63"
37516,blinkit,"{""types"":[""street_address""],""geometry"":{""location"":{""lat"":12.8201598,""lng"":77.66030359999999},""viewport"":{""northeast"":{""lat"":12.8215087802915,""lng"":77.6616525802915},""southwest"":{""lat"":12.8188108197085,""lng"":77.65895461970848}},""location_type"":""ROOFTOP""},""place_id"":""ChIJ-cIScLBtrjsRzHNt5i1Pshw"",""plus_code"":{""global_code"":""7J4VRMC6+34"",""compound_code"":""RMC6+34 Bengaluru, Karnataka, India""},""formatted_address"":""Neotown Road MOMENTS FITNESS HUB 1.O, Liquor Town, above Bangalore, Neotown, Electronic City, Bengaluru, Bommasandra, Karnataka 560099, India"",""navigation_points"":[{""location"":{""latitude"":12.8202754,""longitude"":77.6603074},""road_name"":""""}],""address_components"":[{""types"":[""establishment"",""point_of_interest""],""long_name"":""Liquor Town"",""short_name"":""Liquor Town""},{""types"":[""landmark""],""long_name"":""Bangalore"",""short_name"":""Bangalore""},{""types"":[""neighborhood"",""political""],""long_name"":""Neotown"",""short_name"":""Neotown""},{""types"":[""political"",""sublocality"",""sublocality_level_1""],""long_name"":""Electronic City"",""short_name"":""Electronic City""},{""types"":[""locality"",""political""],""long_name"":""Bengaluru"",""short_name"":""Bengaluru""},{""types"":[""administrative_area_level_3"",""political""],""long_name"":""Bengaluru Urban"",""short_name"":""Bengaluru Urban""},{""types"":[""administrative_area_level_2"",""political""],""long_name"":""Bangalore Division"",""short_name"":""Bangalore Division""},{""types"":[""administrative_area_level_1"",""political""],""long_name"":""Karnataka"",""short_name"":""KA""},{""types"":[""country"",""political""],""long_name"":""India"",""short_name"":""IN""},{""types"":[""postal_code""],""long_name"":""560099"",""short_name"":""560099""}]}",Electronic City,Bangalore,"12.82,77.66"
37584,blinkit,"{""types"":[""establishment"",""point_of_interest""],""geometry"":{""location"":{""lat"":12.860274,""lng"":77.550552},""viewport"":{""northeast"":{""lat"":12.8616229802915,""lng"":77.55190098029149},""southwest"":{""lat"":12.8589250197085,""lng"":77.54920301970849}},""location_type"":""ROOFTOP""},""place_id"":""ChIJF32pawBBrjsRUrgUNgyuzX4"",""formatted_address"":""VH62+46, Anjanapura 8th Block, Lal Bahadur Shastri Nagar, Bengaluru, Karnataka 560108, India"",""navigation_points"":[{""location"":{""latitude"":12.8602498,""longitude"":77.5505741},""road_name"":""""}],""address_components"":[{""types"":[""plus_code""],""long_name"":""VH62+46"",""short_name"":""VH62+46""},{""types"":[""political"",""sublocality"",""sublocality_level_2""],""long_name"":""Anjanapura 8th Block"",""short_name"":""Anjanapura 8th Block""},{""types"":[""political"",""sublocality"",""sublocality_level_1""],""long_name"":""Lal Bahadur Shastri Nagar"",""short_name"":""Lal Bahadur Shastri Nagar""},{""types"":[""locality"",""political""],""long_name"":""Bengaluru"",""short_name"":""Bengaluru""},{""types"":[""administrative_area_level_3"",""political""],""long_name"":""Bengaluru Urban"",""short_name"":""Bengaluru Urban""},{""types"":[""administrative_area_level_2"",""political""],""long_name"":""Bangalore Division"",""short_name"":""Bangalore Division""},{""types"":[""administrative_area_level_1"",""political""],""long_name"":""Karnataka"",""short_name"":""KA""},{""types"":[""country"",""political""],""long_name"":""India"",""short_name"":""IN""},{""types"":[""postal_code""],""long_name"":""560108"",""short_name"":""560108""}]}",Anjanapura 8th Block,Bangalore,"12.86,77.55"
37630,blinkit,"{""types"":[""premise"",""street_address""],""geometry"":{""location"":{""lat"":12.9600513,""lng"":77.59990069999999},""viewport"":{""northeast"":{""lat"":12.9614002802915,""lng"":77.6012496802915},""southwest"":{""lat"":12.9587023197085,""lng"":77.59855171970848}},""location_type"":""ROOFTOP""},""place_id"":""ChIJyWRKF9EVrjsRJbVttsUuVzY"",""formatted_address"":""308, Akkithimana Halli, Bheemanna Garden, Shanti Nagar, Bengaluru, Karnataka 560027, India"",""navigation_points"":[{""location"":{""latitude"":12.9600785,""longitude"":77.5997699},""road_name"":""""}],""address_components"":[{""types"":[""premise""],""long_name"":""308"",""short_name"":""308""},{""types"":[""neighborhood"",""political""],""long_name"":""Akkithimana Halli"",""short_name"":""Akkithimana Halli""},{""types"":[""political"",""sublocality"",""sublocality_level_3""],""long_name"":""Bheemanna Garden"",""short_name"":""Bheemanna Garden""},{""types"":[""political"",""sublocality"",""sublocality_level_1""],""long_name"":""Shanti Nagar"",""short_name"":""Shanti Nagar""},{""types"":[""locality"",""political""],""long_name"":""Bengaluru"",""short_name"":""Bengaluru""},{""types"":[""administrative_area_level_3"",""political""],""long_name"":""Bengaluru Urban"",""short_name"":""Bengaluru Urban""},{""types"":[""administrative_area_level_2"",""political""],""long_name"":""Bangalore Division"",""short_name"":""Bangalore Division""},{""types"":[""administrative_area_level_1"",""political""],""long_name"":""Karnataka"",""short_name"":""KA""},{""types"":[""country"",""political""],""long_name"":""India"",""short_name"":""IN""},{""types"":[""postal_code""],""long_name"":""560027"",""short_name"":""560027""}]}",Shanti Nagar,Bangalore,"12.96,77.6"
37674,blinkit,"{""types"":[""street_address""],""geometry"":{""location"":{""lat"":12.989954,""lng"":77.61014209999999},""viewport"":{""northeast"":{""lat"":12.9913029802915,""lng"":77.6114910802915},""southwest"":{""lat"":12.9886050197085,""lng"":77.6087931197085}},""location_type"":""ROOFTOP""},""place_id"":""ChIJUSwD0YoWrjsR1e_1t6dZc1Y"",""plus_code"":{""global_code"":""7J4VXJQ6+X3"",""compound_code"":""XJQ6+X3 Bengaluru, Karnataka, India""},""formatted_address"":""180, Narayan Pillai St, Bharati Nagar, Shivaji Nagar, Bengaluru, Karnataka 560051, India"",""navigation_points"":[{""location"":{""latitude"":12.98996,""longitude"":77.6101128},""road_name"":""""}],""address_components"":[{""types"":[""street_number""],""long_name"":""180"",""short_name"":""180""},{""types"":[""route""],""long_name"":""Narayan Pillai Street"",""short_name"":""Narayan Pillai St""},{""types"":[""political"",""sublocality"",""sublocality_level_2""],""long_name"":""Bharati Nagar"",""short_name"":""Bharati Nagar""},{""types"":[""political"",""sublocality"",""sublocality_level_1""],""long_name"":""Shivaji Nagar"",""short_name"":""Shivaji Nagar""},{""types"":[""locality"",""political""],""long_name"":""Bengaluru"",""short_name"":""Bengaluru""},{""types"":[""administrative_area_level_3"",""political""],""long_name"":""Bengaluru Urban"",""short_name"":""Bengaluru Urban""},{""types"":[""administrative_area_level_2"",""political""],""long_name"":""Bangalore Division"",""short_name"":""Bangalore Division""},{""types"":[""administrative_area_level_1"",""political""],""long_name"":""Karnataka"",""short_name"":""KA""},{""types"":[""country"",""political""],""long_name"":""India"",""short_name"":""IN""},{""types"":[""postal_code""],""long_name"":""560051"",""short_name"":""560051""}]}",Shivaji Nagar,Bangalore,"12.99,77.61"
37676,blinkit,"{""types"":[""premise"",""street_address""],""geometry"":{""location"":{""lat"":13.0299761,""lng"":77.5900117},""viewport"":{""northeast"":{""lat"":13.0313250802915,""lng"":77.59136068029152},""southwest"":{""lat"":13.0286271197085,""lng"":77.58866271970851}},""location_type"":""ROOFTOP""},""place_id"":""ChIJTWcYpb4XrjsRWrLCLrQsd6A"",""formatted_address"":""81, 2nd Main Rd, SBM Layout, SBM Colony, Anandnagar, Hebbal, Bengaluru, Karnataka 560024, India"",""navigation_points"":[{""location"":{""latitude"":13.0300717,""longitude"":77.59002},""road_name"":""""}],""address_components"":[{""types"":[""street_number""],""long_name"":""81"",""short_name"":""81""},{""types"":[""route""],""long_name"":""2nd Main Road"",""short_name"":""2nd Main Rd""},{""types"":[""neighborhood"",""political""],""long_name"":""SBM Layout"",""short_name"":""SBM Layout""},{""types"":[""political"",""sublocality"",""sublocality_level_3""],""long_name"":""SBM Colony"",""short_name"":""SBM Colony""},{""types"":[""political"",""sublocality"",""sublocality_level_2""],""long_name"":""Anandnagar"",""short_name"":""Anandnagar""},{""types"":[""political"",""sublocality"",""sublocality_level_1""],""long_name"":""Hebbal"",""short_name"":""Hebbal""},{""types"":[""locality"",""political""],""long_name"":""Bengaluru"",""short_name"":""Bengaluru""},{""types"":[""administrative_area_level_3"",""political""],""long_name"":""Bengaluru Urban"",""short_name"":""Bengaluru Urban""},{""types"":[""administrative_area_level_2"",""political""],""long_name"":""Bangalore Division"",""short_name"":""Bangalore Division""},{""types"":[""administrative_area_level_1"",""political""],""long_name"":""Karnataka"",""short_name"":""KA""},{""types"":[""country"",""political""],""long_name"":""India"",""short_name"":""IN""},{""types"":[""postal_code""],""long_name"":""560024"",""short_name"":""560024""}]}",Hebbal,Bangalore,"13.03,77.59"
37688,blinkit,"{""types"":[""street_address""],""geometry"":{""location"":{""lat"":12.9700778,""lng"":77.7499462},""viewport"":{""northeast"":{""lat"":12.9714267802915,""lng"":77.7512951802915},""southwest"":{""lat"":12.9687288197085,""lng"":77.74859721970849}},""location_type"":""ROOFTOP""},""place_id"":""ChIJh9ISvP4NrjsRjYaly56UxTw"",""plus_code"":{""global_code"":""7J4VXPCX+2X"",""compound_code"":""XPCX+2X Bengaluru, Karnataka, India""},""formatted_address"":""304, Whitefield Main Rd, Sathya Sai Layout, Whitefield, Bengaluru, Karnataka 560066, India"",""navigation_points"":[{""location"":{""latitude"":12.9700807,""longitude"":77.749914},""road_name"":""""}],""address_components"":[{""types"":[""street_number""],""long_name"":""304"",""short_name"":""304""},{""types"":[""route""],""long_name"":""Whitefield Main Road"",""short_name"":""Whitefield Main Rd""},{""types"":[""political"",""sublocality"",""sublocality_level_2""],""long_name"":""Sathya Sai Layout"",""short_name"":""Sathya Sai Layout""},{""types"":[""political"",""sublocality"",""sublocality_level_1""],""long_name"":""Whitefield"",""short_name"":""Whitefield""},{""types"":[""locality"",""political""],""long_name"":""Bengaluru"",""short_name"":""Bengaluru""},{""types"":[""administrative_area_level_3"",""political""],""long_name"":""Bengaluru Urban"",""short_name"":""Bengaluru Urban""},{""types"":[""administrative_area_level_2"",""political""],""long_name"":""Bangalore Division"",""short_name"":""Bangalore Division""},{""types"":[""administrative_area_level_1"",""political""],""long_name"":""Karnataka"",""short_name"":""KA""},{""types"":[""country"",""political""],""long_name"":""India"",""short_name"":""IN""},{""types"":[""postal_code""],""long_name"":""560066"",""short_name"":""560066""}]}",Whitefield,Bangalore,"12.97,77.75"
37690,blinkit,"{""types"":[""street_address""],""geometry"":{""location"":{""lat"":12.959977,""lng"":77.570033},""viewport"":{""northeast"":{""lat"":12.9613259802915,""lng"":77.5713819802915},""southwest"":{""lat"":12.9586280197085,""lng"":77.5686840197085}},""location_type"":""ROOFTOP""},""place_id"":""ChIJa-UuhPsVrjsRLQvQ40UXJKE"",""plus_code"":{""global_code"":""7J4VXH5C+X2"",""compound_code"":""XH5C+X2 Bengaluru, Karnataka, India""},""formatted_address"":""39, shiva Ganga Mutt Rd, Kamalanagar, Chamrajpet, Bengaluru, Karnataka 560018, India"",""navigation_points"":[{""location"":{""latitude"":12.9599821,""longitude"":77.5701211},""road_name"":""""}],""address_components"":[{""types"":[""street_number""],""long_name"":""39"",""short_name"":""39""},{""types"":[""route""],""long_name"":""shiva Ganga Mutt Road"",""short_name"":""shiva Ganga Mutt Rd""},{""types"":[""political"",""sublocality"",""sublocality_level_3""],""long_name"":""Kamalanagar"",""short_name"":""Kamalanagar""},{""types"":[""political"",""sublocality"",""sublocality_level_1""],""long_name"":""Chamrajpet"",""short_name"":""Chamrajpet""},{""types"":[""locality"",""political""],""long_name"":""Bengaluru"",""short_name"":""Bengaluru""},{""types"":[""administrative_area_level_3"",""political""],""long_name"":""Bengaluru Urban"",""short_name"":""Bengaluru Urban""},{""types"":[""administrative_area_level_2"",""political""],""long_name"":""Bangalore Division"",""short_name"":""Bangalore Division""},{""types"":[""administrative_area_level_1"",""political""],""long_name"":""Karnataka"",""short_name"":""KA""},{""types"":[""country"",""political""],""long_name"":""India"",""short_name"":""IN""},{""types"":[""postal_code""],""long_name"":""560018"",""short_name"":""560018""}]}",Chamrajpet,Bangalore,"12.96,77.57"
37746,blinkit,"{""types"":[""premise"",""street_address""],""geometry"":{""bounds"":{""northeast"":{""lat"":12.9498658,""lng"":77.6204803},""southwest"":{""lat"":12.9495895,""lng"":77.6202928}},""location"":{""lat"":12.949736,""lng"":77.620386},""viewport"":{""northeast"":{""lat"":12.9510766302915,""lng"":77.6217355302915},""southwest"":{""lat"":12.9483786697085,""lng"":77.61903756970848}},""location_type"":""ROOFTOP""},""place_id"":""ChIJ2YdLwTkUrjsRiPi5KvZn5aE"",""formatted_address"":""WJXC+R4V, Rajendra Nagar, Adugodi, Bengaluru, Karnataka 560047, India"",""navigation_points"":[{""location"":{""latitude"":12.9497039,""longitude"":77.6204468},""road_name"":""""}],""address_components"":[{""types"":[""plus_code""],""long_name"":""WJXC+R4V"",""short_name"":""WJXC+R4V""},{""types"":[""political"",""sublocality"",""sublocality_level_2""],""long_name"":""Rajendra Nagar"",""short_name"":""Rajendra Nagar""},{""types"":[""political"",""sublocality"",""sublocality_level_1""],""long_name"":""Adugodi"",""short_name"":""Adugodi""},{""types"":[""locality"",""political""],""long_name"":""Bengaluru"",""short_name"":""Bengaluru""},{""types"":[""administrative_area_level_3"",""political""],""long_name"":""Bengaluru Urban"",""short_name"":""Bengaluru Urban""},{""types"":[""administrative_area_level_2"",""political""],""long_name"":""Bangalore Division"",""short_name"":""Bangalore Division""},{""types"":[""administrative_area_level_1"",""political""],""long_name"":""Karnataka"",""short_name"":""KA""},{""types"":[""country"",""political""],""long_name"":""India"",""short_name"":""IN""},{""types"":[""postal_code""],""long_name"":""560047"",""short_name"":""560047""}]}",Adugodi,Bangalore,"12.95,77.62"
37808,blinkit,"{""types"":[""street_address""],""geometry"":{""location"":{""lat"":12.790008,""lng"":77.65988},""viewport"":{""northeast"":{""lat"":12.7913569802915,""lng"":77.66122898029151},""southwest"":{""lat"":12.7886590197085,""lng"":77.65853101970849}},""location_type"":""ROOFTOP""},""place_id"":""ChIJ9yTNBQJsrjsRmXhsxYk0hI0"",""plus_code"":{""global_code"":""7J4VQMR5+2X"",""compound_code"":""QMR5+2X Bommasandra, Karnataka, India""},""formatted_address"":""204-237, Bommasandra, Jigani, Karnataka 560105, India"",""navigation_points"":[{""location"":{""latitude"":12.7900564,""longitude"":77.659902},""road_name"":""""}],""address_components"":[{""types"":[""premise""],""long_name"":""204-237"",""short_name"":""204-237""},{""types"":[""locality"",""political""],""long_name"":""Bommasandra"",""short_name"":""Bommasandra""},{""types"":[""administrative_area_level_3"",""political""],""long_name"":""Bengaluru Urban"",""short_name"":""Bengaluru Urban""},{""types"":[""administrative_area_level_2"",""political""],""long_name"":""Bangalore Division"",""short_name"":""Bangalore Division""},{""types"":[""administrative_area_level_1"",""political""],""long_name"":""Karnataka"",""short_name"":""KA""},{""types"":[""country"",""political""],""long_name"":""India"",""short_name"":""IN""},{""types"":[""postal_code""],""long_name"":""560105"",""short_name"":""560105""}]}",Bommasandra,Bangalore,"12.79,77.66"
38146,blinkit,"{""types"":[""establishment"",""point_of_interest""],""geometry"":{""location"":{""lat"":12.8702233,""lng"":77.6010908},""viewport"":{""northeast"":{""lat"":12.8715722802915,""lng"":77.6024397802915},""southwest"":{""lat"":12.8688743197085,""lng"":77.5997418197085}},""location_type"":""ROOFTOP""},""place_id"":""ChIJPb8gR9FqrjsRFljcpdDFx4g"",""plus_code"":{""global_code"":""7J4VVJC2+3C"",""compound_code"":""VJC2+3C Bengaluru, Karnataka, India""},""formatted_address"":""Valmark Apas, Bannerghatta Rd, Hulimavu, Bengaluru, Karnataka 560076, India"",""navigation_points"":[{""location"":{""latitude"":12.8702306,""longitude"":77.6010726},""road_name"":""""}],""address_components"":[{""types"":[""premise""],""long_name"":""Valmark Apas"",""short_name"":""Valmark Apas""},{""types"":[""route""],""long_name"":""Bannerghatta Road"",""short_name"":""BG Road""},{""types"":[""political"",""sublocality"",""sublocality_level_1""],""long_name"":""Hulimavu"",""short_name"":""Hulimavu""},{""types"":[""locality"",""political""],""long_name"":""Bengaluru"",""short_name"":""Bengaluru""},{""types"":[""administrative_area_level_3"",""political""],""long_name"":""Bengaluru Urban"",""short_name"":""Bengaluru Urban""},{""types"":[""administrative_area_level_2"",""political""],""long_name"":""Bangalore Division"",""short_name"":""Bangalore Division""},{""types"":[""administrative_area_level_1"",""political""],""long_name"":""Karnataka"",""short_name"":""KA""},{""types"":[""country"",""political""],""long_name"":""India"",""short_name"":""IN""},{""types"":[""postal_code""],""long_name"":""560076"",""short_name"":""560076""}]}",Hulimavu,Bangalore,"12.87,77.6"
38150,blinkit,"{""types"":[""premise"",""street_address""],""geometry"":{""location"":{""lat"":13.0496747,""lng"":77.4900866},""viewport"":{""northeast"":{""lat"":13.0510236802915,""lng"":77.49143558029151},""southwest"":{""lat"":13.0483257197085,""lng"":77.48873761970849}},""location_type"":""ROOFTOP""},""place_id"":""ChIJlavuogg9rjsRD-Gsp-n0lrg"",""formatted_address"":""NH 4 toll booth, Dalmia Estate, Plot No. 45/2, Tumkur Rd, near Parle-G Biscuit Factory, Chikkabidarakallu, Bengaluru, Karnataka 560073, India"",""navigation_points"":[{""location"":{""latitude"":13.0496622,""longitude"":77.4901211},""road_name"":""""}],""address_components"":[{""types"":[""premise""],""long_name"":""NH 4 toll booth"",""short_name"":""NH 4 toll booth""},{""types"":[""premise""],""long_name"":""Dalmia Estate"",""short_name"":""Dalmia Estate""},{""types"":[""premise""],""long_name"":""Plot No. 45/2"",""short_name"":""Plot No. 45/2""},{""types"":[""landmark""],""long_name"":""Parle-G Biscuit Factory"",""short_name"":""Parle-G Biscuit Factory""},{""types"":[""route""],""long_name"":""Tumkur Road"",""short_name"":""Tumkur Rd""},{""types"":[""political"",""sublocality"",""sublocality_level_1""],""long_name"":""Chikkabidarakallu"",""short_name"":""Chikkabidarakallu""},{""types"":[""locality"",""political""],""long_name"":""Bengaluru"",""short_name"":""Bengaluru""},{""types"":[""administrative_area_level_3"",""political""],""long_name"":""Bengaluru Urban"",""short_name"":""Bengaluru Urban""},{""types"":[""administrative_area_level_2"",""political""],""long_name"":""Bangalore Division"",""short_name"":""Bangalore Division""},{""types"":[""administrative_area_level_1"",""political""],""long_name"":""Karnataka"",""short_name"":""KA""},{""types"":[""country"",""political""],""long_name"":""India"",""short_name"":""IN""},{""types"":[""postal_code""],""long_name"":""560073"",""short_name"":""560073""}]}",Chikkabidarakallu,Bangalore,"13.05,77.49"
38208,blinkit,"{""types"":[""street_address""],""geometry"":{""location"":{""lat"":13.030053,""lng"":77.60995799999999},""viewport"":{""northeast"":{""lat"":13.0314019802915,""lng"":77.6113069802915},""southwest"":{""lat"":13.0287040197085,""lng"":77.60860901970848}},""location_type"":""ROOFTOP""},""place_id"":""ChIJ13_khwkXrjsRwKQY6f_jjsw"",""plus_code"":{""global_code"":""7J5V2JJ5+2X"",""compound_code"":""2JJ5+2X Bengaluru, Karnataka, India""},""formatted_address"":""M7, 6th Cross Rd, Pioneer Defence Housing Colony, Anand Gokul Layout, Kaval Bairasandra, Bengaluru, Karnataka 560032, India"",""navigation_points"":[{""location"":{""latitude"":13.0300236,""longitude"":77.6100077},""road_name"":""""}],""address_components"":[{""types"":[""street_number""],""long_name"":""M7"",""short_name"":""M7""},{""types"":[""route""],""long_name"":""6th Cross Road"",""short_name"":""6th Cross Rd""},{""types"":[""political"",""sublocality"",""sublocality_level_3""],""long_name"":""Pioneer Defence Housing Colony"",""short_name"":""Pioneer Defence Housing Colony""},{""types"":[""political"",""sublocality"",""sublocality_level_2""],""long_name"":""Anand Gokul Layout"",""short_name"":""Anand Gokul Layout""},{""types"":[""political"",""sublocality"",""sublocality_level_1""],""long_name"":""Kaval Bairasandra"",""short_name"":""Kaval Bairasandra""},{""types"":[""locality"",""political""],""long_name"":""Bengaluru"",""short_name"":""Bengaluru""},{""types"":[""administrative_area_level_3"",""political""],""long_name"":""Bengaluru Urban"",""short_name"":""Bengaluru Urban""},{""types"":[""administrative_area_level_2"",""political""],""long_name"":""Bangalore Division"",""short_name"":""Bangalore Division""},{""types"":[""administrative_area_level_1"",""political""],""long_name"":""Karnataka"",""short_name"":""KA""},{""types"":[""country"",""political""],""long_name"":""India"",""short_name"":""IN""},{""types"":[""postal_code""],""long_name"":""560032"",""short_name"":""560032""}]}",Pioneer Defence Housing Colony,Bangalore,"13.03,77.61"
38212,blinkit,"{""types"":[""street_address""],""geometry"":{""location"":{""lat"":12.890237,""lng"":77.6600028},""viewport"":{""northeast"":{""lat"":12.8915859802915,""lng"":77.66135178029151},""southwest"":{""lat"":12.8888880197085,""lng"":77.6586538197085}},""location_type"":""ROOFTOP""},""place_id"":""ChIJS---sFATrjsRYE9mOLWNBNk"",""plus_code"":{""global_code"":""7J4VVMR6+32"",""compound_code"":""VMR6+32 Bengaluru, Karnataka, India""},""formatted_address"":""171, Parappana Agrahara, Bengaluru, Haralur, Karnataka 560068, India"",""navigation_points"":[{""location"":{""latitude"":12.8902395,""longitude"":77.6599857},""road_name"":""""}],""address_components"":[{""types"":[""premise""],""long_name"":""171"",""short_name"":""171""},{""types"":[""political"",""sublocality"",""sublocality_level_1""],""long_name"":""Parappana Agrahara"",""short_name"":""Parappana Agrahara""},{""types"":[""locality"",""political""],""long_name"":""Bengaluru"",""short_name"":""Bengaluru""},{""types"":[""administrative_area_level_3"",""political""],""long_name"":""Bengaluru Urban"",""short_name"":""Bengaluru Urban""},{""types"":[""administrative_area_level_2"",""political""],""long_name"":""Bangalore Division"",""short_name"":""Bangalore Division""},{""types"":[""administrative_area_level_1"",""political""],""long_name"":""Karnataka"",""short_name"":""KA""},{""types"":[""country"",""political""],""long_name"":""India"",""short_name"":""IN""},{""types"":[""postal_code""],""long_name"":""560068"",""short_name"":""560068""}]}",Parappana Agrahara,Bangalore,"12.89,77.66"
38218,blinkit,"{""types"":[""street_address""],""geometry"":{""location"":{""lat"":12.91997,""lng"":77.560121},""viewport"":{""northeast"":{""lat"":12.9213189802915,""lng"":77.56146998029149},""southwest"":{""lat"":12.9186210197085,""lng"":77.55877201970848}},""location_type"":""ROOFTOP""},""place_id"":""ChIJC8RWMdU_rjsRjsn4VFQkgPo"",""plus_code"":{""global_code"":""7J4VWH96+X2"",""compound_code"":""WH96+X2 Bengaluru, Karnataka, India""},""formatted_address"":""8, Puttalingiah Rd, RK Layout 2nd Stage, Padmanabhanagar, Bengaluru, Karnataka 560070, India"",""navigation_points"":[{""location"":{""latitude"":12.9199831,""longitude"":77.5600318},""road_name"":""""}],""address_components"":[{""types"":[""street_number""],""long_name"":""8"",""short_name"":""8""},{""types"":[""route""],""long_name"":""Puttalingiah Road"",""short_name"":""Puttalingiah Rd""},{""types"":[""political"",""sublocality"",""sublocality_level_2""],""long_name"":""RK Layout 2nd Stage"",""short_name"":""RK Layout 2nd Stage""},{""types"":[""political"",""sublocality"",""sublocality_level_1""],""long_name"":""Padmanabhanagar"",""short_name"":""Padmanabhanagar""},{""types"":[""locality"",""political""],""long_name"":""Bengaluru"",""short_name"":""Bengaluru""},{""types"":[""administrative_area_level_3"",""political""],""long_name"":""Bengaluru Urban"",""short_name"":""Bengaluru Urban""},{""types"":[""administrative_area_level_2"",""political""],""long_name"":""Bangalore Division"",""short_name"":""Bangalore Division""},{""types"":[""administrative_area_level_1"",""political""],""long_name"":""Karnataka"",""short_name"":""KA""},{""types"":[""country"",""political""],""long_name"":""India"",""short_name"":""IN""},{""types"":[""postal_code""],""long_name"":""560070"",""short_name"":""560070""}]}",Padmanabhanagar,Bangalore,"12.92,77.56"
38252,blinkit,"{""types"":[""premise"",""street_address""],""geometry"":{""bounds"":{""northeast"":{""lat"":12.930155,""lng"":77.5800028},""southwest"":{""lat"":12.9300605,""lng"":77.5799404}},""location"":{""lat"":12.9301093,""lng"":77.5799753},""viewport"":{""northeast"":{""lat"":12.9314567302915,""lng"":77.58132058029152},""southwest"":{""lat"":12.9287587697085,""lng"":77.5786226197085}},""location_type"":""ROOFTOP""},""place_id"":""ChIJJ0ycnJkVrjsR_llmhEanodQ"",""formatted_address"":""339, Rashtriya Vidyalaya Rd, Block 7, Jayanagar, Bengaluru, Karnataka 560041, India"",""navigation_points"":[{""location"":{""latitude"":12.9301097,""longitude"":77.5800535},""road_name"":""""}],""address_components"":[{""types"":[""street_number""],""long_name"":""339"",""short_name"":""339""},{""types"":[""route""],""long_name"":""Rashtriya Vidyalaya Road"",""short_name"":""Rashtriya Vidyalaya Rd""},{""types"":[""political"",""sublocality"",""sublocality_level_2""],""long_name"":""Block 7"",""short_name"":""Block 7""},{""types"":[""political"",""sublocality"",""sublocality_level_1""],""long_name"":""Jayanagar"",""short_name"":""Jayanagar""},{""types"":[""locality"",""political""],""long_name"":""Bengaluru"",""short_name"":""Bengaluru""},{""types"":[""administrative_area_level_3"",""political""],""long_name"":""Bengaluru Urban"",""short_name"":""Bengaluru Urban""},{""types"":[""administrative_area_level_2"",""political""],""long_name"":""Bangalore Division"",""short_name"":""Bangalore Division""},{""types"":[""administrative_area_level_1"",""political""],""long_name"":""Karnataka"",""short_name"":""KA""},{""types"":[""country"",""political""],""long_name"":""India"",""short_name"":""IN""},{""types"":[""postal_code""],""long_name"":""560041"",""short_name"":""560041""}]}",Jayanagar,Bangalore,"12.93,77.58"
38280,blinkit,"{""types"":[""plus_code""],""geometry"":{""bounds"":{""northeast"":{""lat"":12.920125,""lng"":77.660125},""southwest"":{""lat"":12.92,""lng"":77.66000000000001}},""location"":{""lat"":12.92,""lng"":77.66000000000001},""viewport"":{""northeast"":{""lat"":12.9214114802915,""lng"":77.66141148029152},""southwest"":{""lat"":12.9187135197085,""lng"":77.6587135197085}},""location_type"":""GEOMETRIC_CENTER""},""place_id"":""GhIJ16NwPQrXKUARC9ejcD1qU0A"",""plus_code"":{""global_code"":""7J4VWMC6+22"",""compound_code"":""WMC6+22 Bengaluru, Karnataka, India""},""formatted_address"":""WMC6+22 Bengaluru, Karnataka, India"",""address_components"":[{""types"":[""plus_code""],""long_name"":""WMC6+22"",""short_name"":""WMC6+22""},{""types"":[""locality"",""political""],""long_name"":""Bengaluru"",""short_name"":""Bengaluru""},{""types"":[""administrative_area_level_3"",""political""],""long_name"":""Bengaluru Urban"",""short_name"":""Bengaluru Urban""},{""types"":[""administrative_area_level_2"",""political""],""long_name"":""Bangalore Division"",""short_name"":""Bangalore Division""},{""types"":[""administrative_area_level_1"",""political""],""long_name"":""Karnataka"",""short_name"":""KA""},{""types"":[""country"",""political""],""long_name"":""India"",""short_name"":""IN""}]}",Bengaluru Urban,Bangalore,"12.92,77.66"
38284,blinkit,"{""types"":[""street_address""],""geometry"":{""location"":{""lat"":12.9500589,""lng"":77.6001455},""viewport"":{""northeast"":{""lat"":12.9514078802915,""lng"":77.6014944802915},""southwest"":{""lat"":12.9487099197085,""lng"":77.59879651970849}},""location_type"":""ROOFTOP""},""place_id"":""ChIJP-kTMckVrjsRvBtgmWQqF74"",""plus_code"":{""global_code"":""7J4VXJ22+23"",""compound_code"":""XJ22+23 Bengaluru, Karnataka, India""},""formatted_address"":""35, JK Pura, Vinayaka Nagar, Jalakanteshwara Nagar, Shanti Nagar, Bengaluru, Karnataka 560027, India"",""navigation_points"":[{""location"":{""latitude"":12.9500824,""longitude"":77.6001662},""road_name"":""""}],""address_components"":[{""types"":[""premise""],""long_name"":""35"",""short_name"":""35""},{""types"":[""neighborhood"",""political""],""long_name"":""JK Pura"",""short_name"":""JK Pura""},{""types"":[""political"",""sublocality"",""sublocality_level_3""],""long_name"":""Vinayaka Nagar"",""short_name"":""Vinayaka Nagar""},{""types"":[""political"",""sublocality"",""sublocality_level_2""],""long_name"":""Jalakanteshwara Nagar"",""short_name"":""Jalakanteshwara Nagar""},{""types"":[""political"",""sublocality"",""sublocality_level_1""],""long_name"":""Shanti Nagar"",""short_name"":""Shanti Nagar""},{""types"":[""locality"",""political""],""long_name"":""Bengaluru"",""short_name"":""Bengaluru""},{""types"":[""administrative_area_level_3"",""political""],""long_name"":""Bengaluru Urban"",""short_name"":""Bengaluru Urban""},{""types"":[""administrative_area_level_2"",""political""],""long_name"":""Bangalore Division"",""short_name"":""Bangalore Division""},{""types"":[""administrative_area_level_1"",""political""],""long_name"":""Karnataka"",""short_name"":""KA""},{""types"":[""country"",""political""],""long_name"":""India"",""short_name"":""IN""},{""types"":[""postal_code""],""long_name"":""560027"",""short_name"":""560027""}]}",Bengaluru,Bangalore,"12.95,77.6"
38462,blinkit,"{""types"":[""plus_code""],""geometry"":{""bounds"":{""northeast"":{""lat"":12.82,""lng"":77.78},""southwest"":{""lat"":12.819875,""lng"":77.77987499999999}},""location"":{""lat"":12.82,""lng"":77.78},""viewport"":{""northeast"":{""lat"":12.8212864802915,""lng"":77.7812864802915},""southwest"":{""lat"":12.8185885197085,""lng"":77.77858851970849}},""location_type"":""GEOMETRIC_CENTER""},""place_id"":""GhIJpHA9CtejKUARUrgehetxU0A"",""plus_code"":{""global_code"":""7J4VRQ9H+XX"",""compound_code"":""RQ9H+XX Tyayakana Halli, Karnataka, India""},""formatted_address"":""RQ9H+XX Tyayakana Halli, Karnataka, India"",""address_components"":[{""types"":[""plus_code""],""long_name"":""RQ9H+XX"",""short_name"":""RQ9H+XX""},{""types"":[""locality"",""political""],""long_name"":""Tyayakana Halli"",""short_name"":""Tyayakana Halli""},{""types"":[""administrative_area_level_3"",""political""],""long_name"":""Bengaluru Urban"",""short_name"":""Bengaluru Urban""},{""types"":[""administrative_area_level_2"",""political""],""long_name"":""Bangalore Division"",""short_name"":""Bangalore Division""},{""types"":[""administrative_area_level_1"",""political""],""long_name"":""Karnataka"",""short_name"":""KA""},{""types"":[""country"",""political""],""long_name"":""India"",""short_name"":""IN""},{""types"":[""postal_code""],""long_name"":""562125"",""short_name"":""562125""}]}",Tyayakana Halli,Bangalore,"12.82,77.78"
38682,blinkit,"{""types"":[""establishment"",""park"",""point_of_interest""],""geometry"":{""location"":{""lat"":13.1186854,""lng"":77.5703554},""viewport"":{""northeast"":{""lat"":13.1200343802915,""lng"":77.5717043802915},""southwest"":{""lat"":13.1173364197085,""lng"":77.56900641970849}},""location_type"":""ROOFTOP""},""place_id"":""ChIJuc7OgpkYrjsR8L1gqqfwkLI"",""formatted_address"":""4H9C+F4H BBMP Children Park, Bengaluru, Karnataka 560064, India"",""navigation_points"":[{""location"":{""latitude"":13.1185545,""longitude"":77.5703537},""road_name"":""""}],""address_components"":[{""types"":[""establishment"",""park"",""point_of_interest""],""long_name"":""BBMP Children Park"",""short_name"":""BBMP Children Park""},{""types"":[""plus_code""],""long_name"":""4H9C+F4H"",""short_name"":""4H9C+F4H""},{""types"":[""locality"",""political""],""long_name"":""Bengaluru"",""short_name"":""Bengaluru""},{""types"":[""administrative_area_level_3"",""political""],""long_name"":""Bengaluru Urban"",""short_name"":""Bengaluru Urban""},{""types"":[""administrative_area_level_2"",""political""],""long_name"":""Bangalore Division"",""short_name"":""Bangalore Division""},{""types"":[""administrative_area_level_1"",""political""],""long_name"":""Karnataka"",""short_name"":""KA""},{""types"":[""country"",""political""],""long_name"":""India"",""short_name"":""IN""},{""types"":[""postal_code""],""long_name"":""560064"",""short_name"":""560064""}]}",Bengaluru Urban,Bangalore,"13.12,77.57"
38838,blinkit,"{""types"":[""plus_code""],""geometry"":{""bounds"":{""northeast"":{""lat"":13.1,""lng"":77.560125},""southwest"":{""lat"":13.099875,""lng"":77.56}},""location"":{""lat"":13.1,""lng"":77.56},""viewport"":{""northeast"":{""lat"":13.1012864802915,""lng"":77.5614114802915},""southwest"":{""lat"":13.0985885197085,""lng"":77.55871351970849}},""location_type"":""GEOMETRIC_CENTER""},""place_id"":""GhIJMzMzMzMzKkARpHA9CtdjU0A"",""plus_code"":{""global_code"":""7J5V3HX6+X2"",""compound_code"":""3HX6+X2 Bengaluru, Karnataka, India""},""formatted_address"":""3HX6+X2 Bengaluru, Karnataka, India"",""address_components"":[{""types"":[""plus_code""],""long_name"":""3HX6+X2"",""short_name"":""3HX6+X2""},{""types"":[""locality"",""political""],""long_name"":""Bengaluru"",""short_name"":""Bengaluru""},{""types"":[""administrative_area_level_3"",""political""],""long_name"":""Bengaluru Urban"",""short_name"":""Bengaluru Urban""},{""types"":[""administrative_area_level_2"",""political""],""long_name"":""Bangalore Division"",""short_name"":""Bangalore Division""},{""types"":[""administrative_area_level_1"",""political""],""long_name"":""Karnataka"",""short_name"":""KA""},{""types"":[""country"",""political""],""long_name"":""India"",""short_name"":""IN""}]}",Bengaluru,Bangalore,"13.1,77.56"
39058,blinkit,"{""types"":[""street_address""],""geometry"":{""location"":{""lat"":12.9100212,""lng"":77.5800663},""viewport"":{""northeast"":{""lat"":12.9113701802915,""lng"":77.5814152802915},""southwest"":{""lat"":12.9086722197085,""lng"":77.57871731970849}},""location_type"":""ROOFTOP""},""place_id"":""ChIJaak69m0VrjsRUExI7Bq902E"",""plus_code"":{""global_code"":""7J4VWH6J+22"",""compound_code"":""WH6J+22 Bengaluru, Karnataka, India""},""formatted_address"":""82, C Sarakki Main Road, Jeewan Sathi Colony, 1st Phase, J. P. Nagar, Bengaluru, Karnataka 560078, India"",""navigation_points"":[{""location"":{""latitude"":12.9100095,""longitude"":77.5801193},""road_name"":"""",""restricted_travel_modes"":[""WALK""]}],""address_components"":[{""types"":[""street_number""],""long_name"":""82"",""short_name"":""82""},{""types"":[""route""],""long_name"":""C Sarakki Main Road"",""short_name"":""C Sarakki Main Road""},{""types"":[""political"",""sublocality"",""sublocality_level_3""],""long_name"":""Jeewan Sathi Colony"",""short_name"":""Jeewan Sathi Colony""},{""types"":[""political"",""sublocality"",""sublocality_level_2""],""long_name"":""1st Phase"",""short_name"":""1st Phase""},{""types"":[""political"",""sublocality"",""sublocality_level_1""],""long_name"":""J. P. Nagar"",""short_name"":""J. P. Nagar""},{""types"":[""locality"",""political""],""long_name"":""Bengaluru"",""short_name"":""Bengaluru""},{""types"":[""administrative_area_level_3"",""political""],""long_name"":""Bengaluru Urban"",""short_name"":""Bengaluru Urban""},{""types"":[""administrative_area_level_2"",""political""],""long_name"":""Bangalore Division"",""short_name"":""Bangalore Division""},{""types"":[""administrative_area_level_1"",""political""],""long_name"":""Karnataka"",""short_name"":""KA""},{""types"":[""country"",""political""],""long_name"":""India"",""short_name"":""IN""},{""types"":[""postal_code""],""long_name"":""560078"",""short_name"":""560078""}]}",Jeewan Sathi Colony,Bangalore,"12.91,77.58"
